file,class,method,variable,usage
C:\PROJECTS\Drawing-Figures-using-Design-Patterns-master\Drawing-Figures-using-Design-Patterns-master\src\service\FigureService.java,service.FigureService,undo/1[gui.FigureFrame.DrawingFigurePanel],stack1,3
C:\PROJECTS\Drawing-Figures-using-Design-Patterns-master\Drawing-Figures-using-Design-Patterns-master\src\service\FigureService.java,service.FigureService,undo/1[gui.FigureFrame.DrawingFigurePanel],stack2,1
C:\PROJECTS\Drawing-Figures-using-Design-Patterns-master\Drawing-Figures-using-Design-Patterns-master\src\service\FigureService.java,service.FigureService,undo/1[gui.FigureFrame.DrawingFigurePanel],createFigure,1
C:\PROJECTS\Drawing-Figures-using-Design-Patterns-master\Drawing-Figures-using-Design-Patterns-master\src\service\FigureService.java,service.FigureService,redo/1[gui.FigureFrame.DrawingFigurePanel],stack1,1
C:\PROJECTS\Drawing-Figures-using-Design-Patterns-master\Drawing-Figures-using-Design-Patterns-master\src\service\FigureService.java,service.FigureService,redo/1[gui.FigureFrame.DrawingFigurePanel],stack2,2
C:\PROJECTS\Drawing-Figures-using-Design-Patterns-master\Drawing-Figures-using-Design-Patterns-master\src\service\FigureService.java,service.FigureService,FigureService/0,stack1,1
C:\PROJECTS\Drawing-Figures-using-Design-Patterns-master\Drawing-Figures-using-Design-Patterns-master\src\service\FigureService.java,service.FigureService,FigureService/0,stack2,1
C:\PROJECTS\Drawing-Figures-using-Design-Patterns-master\Drawing-Figures-using-Design-Patterns-master\src\service\FigureService.java,service.FigureService,"execute/3[gui.FigureFrame.DrawingFigurePanel,java.awt.event.MouseEvent,boolean]",figure,3
C:\PROJECTS\Drawing-Figures-using-Design-Patterns-master\Drawing-Figures-using-Design-Patterns-master\src\service\FigureService.java,service.FigureService,"execute/3[gui.FigureFrame.DrawingFigurePanel,java.awt.event.MouseEvent,boolean]",stack1,1
C:\PROJECTS\Drawing-Figures-using-Design-Patterns-master\Drawing-Figures-using-Design-Patterns-master\src\service\FigureService.java,service.FigureService,"execute/3[gui.FigureFrame.DrawingFigurePanel,java.awt.event.MouseEvent,boolean]",stack2,1
C:\PROJECTS\Drawing-Figures-using-Design-Patterns-master\Drawing-Figures-using-Design-Patterns-master\src\service\FigureService.java,service.FigureService,"execute/3[gui.FigureFrame.DrawingFigurePanel,java.awt.event.MouseEvent,boolean]",createFigure,3
C:\PROJECTS\Drawing-Figures-using-Design-Patterns-master\Drawing-Figures-using-Design-Patterns-master\src\service\FigureService.java,service.FigureService,setFigure/1[model.Figure],figure,3
C:\PROJECTS\Drawing-Figures-using-Design-Patterns-master\Drawing-Figures-using-Design-Patterns-master\src\gui\FigureFrame.java,gui.FigureFrame,FigureFrame/0,btnForBox,3
C:\PROJECTS\Drawing-Figures-using-Design-Patterns-master\Drawing-Figures-using-Design-Patterns-master\src\gui\FigureFrame.java,gui.FigureFrame,FigureFrame/0,btnForRedo,3
C:\PROJECTS\Drawing-Figures-using-Design-Patterns-master\Drawing-Figures-using-Design-Patterns-master\src\gui\FigureFrame.java,gui.FigureFrame,FigureFrame/0,panel,4
C:\PROJECTS\Drawing-Figures-using-Design-Patterns-master\Drawing-Figures-using-Design-Patterns-master\src\gui\FigureFrame.java,gui.FigureFrame,FigureFrame/0,btnForCircle,3
C:\PROJECTS\Drawing-Figures-using-Design-Patterns-master\Drawing-Figures-using-Design-Patterns-master\src\gui\FigureFrame.java,gui.FigureFrame,FigureFrame/0,btnForUndo,3
C:\PROJECTS\Drawing-Figures-using-Design-Patterns-master\Drawing-Figures-using-Design-Patterns-master\src\model\Box.java,model.Box,draw/1[java.awt.Graphics],size,4
C:\PROJECTS\Drawing-Figures-using-Design-Patterns-master\Drawing-Figures-using-Design-Patterns-master\src\model\Box.java,model.Box,"setSize/4[int,int,int,int]",size,1
C:\PROJECTS\Drawing-Figures-using-Design-Patterns-master\Drawing-Figures-using-Design-Patterns-master\src\model\Box.java,model.Box,Box/0,size,1
C:\PROJECTS\Drawing-Figures-using-Design-Patterns-master\Drawing-Figures-using-Design-Patterns-master\src\model\Size.java,model.Size,"setSize/4[int,int,int,int]",yCor,3
C:\PROJECTS\Drawing-Figures-using-Design-Patterns-master\Drawing-Figures-using-Design-Patterns-master\src\model\Size.java,model.Size,"setSize/4[int,int,int,int]",width,3
C:\PROJECTS\Drawing-Figures-using-Design-Patterns-master\Drawing-Figures-using-Design-Patterns-master\src\model\Size.java,model.Size,"setSize/4[int,int,int,int]",xCor,3
C:\PROJECTS\Drawing-Figures-using-Design-Patterns-master\Drawing-Figures-using-Design-Patterns-master\src\model\Size.java,model.Size,"setSize/4[int,int,int,int]",height,3
C:\PROJECTS\Drawing-Figures-using-Design-Patterns-master\Drawing-Figures-using-Design-Patterns-master\src\model\Size.java,model.Size,getHeight/0,height,1
C:\PROJECTS\Drawing-Figures-using-Design-Patterns-master\Drawing-Figures-using-Design-Patterns-master\src\model\Size.java,model.Size,getXCor/0,xCor,1
C:\PROJECTS\Drawing-Figures-using-Design-Patterns-master\Drawing-Figures-using-Design-Patterns-master\src\model\Size.java,model.Size,getWidth/0,width,1
C:\PROJECTS\Drawing-Figures-using-Design-Patterns-master\Drawing-Figures-using-Design-Patterns-master\src\model\Size.java,model.Size,getYCor/0,xCor,1
C:\PROJECTS\Drawing-Figures-using-Design-Patterns-master\Drawing-Figures-using-Design-Patterns-master\src\model\CreateFigureCommand.java,model.CreateFigureCommand,createFigure/1[java.awt.Graphics],figure,1
C:\PROJECTS\Drawing-Figures-using-Design-Patterns-master\Drawing-Figures-using-Design-Patterns-master\src\model\CreateFigureCommand.java,model.CreateFigureCommand,CreateFigureCommand/1[model.Figure],figure,3
C:\PROJECTS\Drawing-Figures-using-Design-Patterns-master\Drawing-Figures-using-Design-Patterns-master\src\controller\FigureController.java,controller.FigureController,"FigureController/2[gui.FigureFrame,service.FigureService]",figFrame,3
C:\PROJECTS\Drawing-Figures-using-Design-Patterns-master\Drawing-Figures-using-Design-Patterns-master\src\controller\FigureController.java,controller.FigureController,"FigureController/2[gui.FigureFrame,service.FigureService]",service,3
C:\PROJECTS\Drawing-Figures-using-Design-Patterns-master\Drawing-Figures-using-Design-Patterns-master\src\controller\FigureController.java,controller.FigureController,createFrame/0,figFrame,4
C:\PROJECTS\Drawing-Figures-using-Design-Patterns-master\Drawing-Figures-using-Design-Patterns-master\src\controller\FigureController.java,controller.FigureController,mouseClicked/1[java.awt.event.MouseEvent],service,1
C:\PROJECTS\Drawing-Figures-using-Design-Patterns-master\Drawing-Figures-using-Design-Patterns-master\src\model\Circle.java,model.Circle,Circle/0,size,1
C:\PROJECTS\Drawing-Figures-using-Design-Patterns-master\Drawing-Figures-using-Design-Patterns-master\src\model\Circle.java,model.Circle,draw/1[java.awt.Graphics],size,4
C:\PROJECTS\Drawing-Figures-using-Design-Patterns-master\Drawing-Figures-using-Design-Patterns-master\src\model\Circle.java,model.Circle,"setSize/4[int,int,int,int]",size,1
C:\PROJECTS\Drawing-Figures-using-Design-Patterns-master\Drawing-Figures-using-Design-Patterns-master\src\gui\FigureFrame.java,gui.FigureFrame$DrawingFigurePanel,setCount/1[int],count,3
C:\PROJECTS\Drawing-Figures-using-Design-Patterns-master\Drawing-Figures-using-Design-Patterns-master\src\gui\FigureFrame.java,gui.FigureFrame$DrawingFigurePanel,paintComponent/1[java.awt.Graphics],count,2
