file,class,type,cbo,cboModified,fanin,fanout,wmc,dit,noc,rfc,lcom,lcom*,tcc,lcc,totalMethodsQty,staticMethodsQty,publicMethodsQty,privateMethodsQty,protectedMethodsQty,defaultMethodsQty,visibleMethodsQty,abstractMethodsQty,finalMethodsQty,synchronizedMethodsQty,totalFieldsQty,staticFieldsQty,publicFieldsQty,privateFieldsQty,protectedFieldsQty,defaultFieldsQty,finalFieldsQty,synchronizedFieldsQty,nosi,loc,returnQty,loopQty,comparisonsQty,tryCatchQty,parenthesizedExpsQty,stringLiteralsQty,numbersQty,assignmentsQty,mathOperationsQty,variablesQty,maxNestedBlocksQty,anonymousClassesQty,innerClassesQty,lambdasQty,uniqueWordsQty,modifiers,logStatementsQty
C:\PROJECTS\design-pattern-strategy-master\design-pattern-strategy-master\strategy\src\main\java\org\trishinfotech\strategy\SimpleInterestCalculator.java,org.trishinfotech.strategy.SimpleInterestCalculator,class,1,3,2,1,2,1,0,0,1,0.0,0.0,0.0,2,0,2,0,0,0,2,0,0,0,0,0,0,0,0,0,0,0,0,8,2,0,0,0,2,1,1,0,2,0,0,0,0,0,11,1,0
C:\PROJECTS\design-pattern-strategy-master\design-pattern-strategy-master\strategy\src\main\java\org\trishinfotech\strategy\Account.java,org.trishinfotech.strategy.Account,class,3,6,3,3,23,1,0,12,86,0.7764706,0.18382353,0.375,17,0,17,0,0,0,17,0,0,0,5,0,0,5,0,0,0,0,0,71,8,0,3,0,1,7,4,12,0,6,1,0,0,0,23,1,0
C:\PROJECTS\design-pattern-strategy-master\design-pattern-strategy-master\strategy\src\main\java\org\trishinfotech\strategy\CompundInterestCalculator.java,org.trishinfotech.strategy.CompundInterestCalculator,class,1,3,2,1,2,1,0,1,1,0.0,0.0,0.0,2,0,2,0,0,0,2,0,0,0,0,0,0,0,0,0,0,0,1,8,2,0,0,0,1,1,2,0,4,0,0,0,0,0,11,1,0
C:\PROJECTS\design-pattern-strategy-master\design-pattern-strategy-master\strategy\src\main\java\org\trishinfotech\strategy\AccountType.java,org.trishinfotech.strategy.AccountType,enum,0,1,1,0,2,1,0,0,0,0.0,1.0,1.0,2,0,1,0,0,1,2,0,0,0,1,0,0,1,0,0,0,0,0,8,1,0,0,0,0,0,2,1,0,1,0,0,0,0,17,1,0
C:\PROJECTS\design-pattern-strategy-master\design-pattern-strategy-master\strategy\src\main\java\org\trishinfotech\strategy\StrategyFactory.java,org.trishinfotech.strategy.StrategyFactory,class,3,4,1,3,4,1,0,2,0,0.0,NaN,NaN,1,0,1,0,0,0,1,0,0,0,0,0,0,0,0,0,0,0,0,17,1,0,1,0,0,3,0,3,0,1,2,0,0,0,12,1,0
C:\PROJECTS\design-pattern-strategy-master\design-pattern-strategy-master\strategy\src\main\java\org\trishinfotech\strategy\Main1.java,org.trishinfotech.strategy.Main1,class,2,2,0,2,1,1,0,6,0,0.0,NaN,NaN,1,1,1,0,0,0,1,0,0,0,0,0,0,0,0,0,0,0,0,15,0,0,0,0,0,6,6,3,2,3,0,0,0,0,11,1,0
C:\PROJECTS\design-pattern-strategy-master\design-pattern-strategy-master\strategy\src\main\java\org\trishinfotech\strategy\InterestCalculationStrategy.java,org.trishinfotech.strategy.InterestCalculationStrategy,interface,0,4,4,0,1,1,0,0,0,0.0,NaN,NaN,1,0,0,0,0,1,1,0,0,0,0,0,0,0,0,0,0,0,0,3,0,0,0,0,0,0,0,0,0,0,0,0,0,0,5,1,0
C:\PROJECTS\design-pattern-strategy-master\design-pattern-strategy-master\strategy\src\main\java\org\trishinfotech\strategy\Main.java,org.trishinfotech.strategy.Main,class,3,3,0,3,1,1,0,5,0,0.0,NaN,NaN,1,1,1,0,0,0,1,0,0,0,0,0,0,0,0,0,0,0,0,14,0,0,0,0,0,4,6,2,2,2,0,0,0,0,12,1,0
