file,class,method,variable,usage
C:\PROJECTS\design-pattern-strategy-master\design-pattern-strategy-master\strategy\src\main\java\org\trishinfotech\strategy\Account.java,org.trishinfotech.strategy.Account,setAmount/1[double],amount,3
C:\PROJECTS\design-pattern-strategy-master\design-pattern-strategy-master\strategy\src\main\java\org\trishinfotech\strategy\Account.java,org.trishinfotech.strategy.Account,getAccountHolderName/0,accountHolderName,1
C:\PROJECTS\design-pattern-strategy-master\design-pattern-strategy-master\strategy\src\main\java\org\trishinfotech\strategy\Account.java,org.trishinfotech.strategy.Account,getAccountNo/0,accountNo,1
C:\PROJECTS\design-pattern-strategy-master\design-pattern-strategy-master\strategy\src\main\java\org\trishinfotech\strategy\Account.java,org.trishinfotech.strategy.Account,setAccountHolderName/1[java.lang.String],accountHolderName,3
C:\PROJECTS\design-pattern-strategy-master\design-pattern-strategy-master\strategy\src\main\java\org\trishinfotech\strategy\Account.java,org.trishinfotech.strategy.Account,deposit/1[double],amount,4
C:\PROJECTS\design-pattern-strategy-master\design-pattern-strategy-master\strategy\src\main\java\org\trishinfotech\strategy\Account.java,org.trishinfotech.strategy.Account,"Account/3[long,java.lang.String,org.trishinfotech.strategy.AccountType]",accountNo,3
C:\PROJECTS\design-pattern-strategy-master\design-pattern-strategy-master\strategy\src\main\java\org\trishinfotech\strategy\Account.java,org.trishinfotech.strategy.Account,"Account/3[long,java.lang.String,org.trishinfotech.strategy.AccountType]",accountType,3
C:\PROJECTS\design-pattern-strategy-master\design-pattern-strategy-master\strategy\src\main\java\org\trishinfotech\strategy\Account.java,org.trishinfotech.strategy.Account,"Account/3[long,java.lang.String,org.trishinfotech.strategy.AccountType]",accountHolderName,3
C:\PROJECTS\design-pattern-strategy-master\design-pattern-strategy-master\strategy\src\main\java\org\trishinfotech\strategy\Account.java,org.trishinfotech.strategy.Account,withdraw/1[double],amount,6
C:\PROJECTS\design-pattern-strategy-master\design-pattern-strategy-master\strategy\src\main\java\org\trishinfotech\strategy\Account.java,org.trishinfotech.strategy.Account,getAccountType/0,accountType,1
C:\PROJECTS\design-pattern-strategy-master\design-pattern-strategy-master\strategy\src\main\java\org\trishinfotech\strategy\Account.java,org.trishinfotech.strategy.Account,getAmount/0,amount,1
C:\PROJECTS\design-pattern-strategy-master\design-pattern-strategy-master\strategy\src\main\java\org\trishinfotech\strategy\Account.java,org.trishinfotech.strategy.Account,"Account/4[long,java.lang.String,org.trishinfotech.strategy.AccountType,org.trishinfotech.strategy.InterestCalculationStrategy]",interestStrategy,3
C:\PROJECTS\design-pattern-strategy-master\design-pattern-strategy-master\strategy\src\main\java\org\trishinfotech\strategy\Account.java,org.trishinfotech.strategy.Account,"Account/4[long,java.lang.String,org.trishinfotech.strategy.AccountType,org.trishinfotech.strategy.InterestCalculationStrategy]",accountNo,2
C:\PROJECTS\design-pattern-strategy-master\design-pattern-strategy-master\strategy\src\main\java\org\trishinfotech\strategy\Account.java,org.trishinfotech.strategy.Account,"Account/4[long,java.lang.String,org.trishinfotech.strategy.AccountType,org.trishinfotech.strategy.InterestCalculationStrategy]",accountType,2
C:\PROJECTS\design-pattern-strategy-master\design-pattern-strategy-master\strategy\src\main\java\org\trishinfotech\strategy\Account.java,org.trishinfotech.strategy.Account,"Account/4[long,java.lang.String,org.trishinfotech.strategy.AccountType,org.trishinfotech.strategy.InterestCalculationStrategy]",accountHolderName,2
C:\PROJECTS\design-pattern-strategy-master\design-pattern-strategy-master\strategy\src\main\java\org\trishinfotech\strategy\Account.java,org.trishinfotech.strategy.Account,setInterestStrategy/1[org.trishinfotech.strategy.InterestCalculationStrategy],interestStrategy,3
C:\PROJECTS\design-pattern-strategy-master\design-pattern-strategy-master\strategy\src\main\java\org\trishinfotech\strategy\Account.java,org.trishinfotech.strategy.Account,setAccountType/1[org.trishinfotech.strategy.AccountType],accountType,3
C:\PROJECTS\design-pattern-strategy-master\design-pattern-strategy-master\strategy\src\main\java\org\trishinfotech\strategy\Account.java,org.trishinfotech.strategy.Account,setAccountNo/1[long],accountNo,3
C:\PROJECTS\design-pattern-strategy-master\design-pattern-strategy-master\strategy\src\main\java\org\trishinfotech\strategy\Account.java,org.trishinfotech.strategy.Account,getInterestStrategy/0,interestStrategy,1
C:\PROJECTS\design-pattern-strategy-master\design-pattern-strategy-master\strategy\src\main\java\org\trishinfotech\strategy\AccountType.java,org.trishinfotech.strategy.AccountType,AccountType/1[double],rate,3
C:\PROJECTS\design-pattern-strategy-master\design-pattern-strategy-master\strategy\src\main\java\org\trishinfotech\strategy\AccountType.java,org.trishinfotech.strategy.AccountType,getRate/0,rate,1
