file,class,method,constructor,line,cbo,cboModified,fanin,fanout,wmc,rfc,loc,returnsQty,variablesQty,parametersQty,methodsInvokedQty,methodsInvokedLocalQty,methodsInvokedIndirectLocalQty,loopQty,comparisonsQty,tryCatchQty,parenthesizedExpsQty,stringLiteralsQty,numbersQty,assignmentsQty,mathOperationsQty,maxNestedBlocksQty,anonymousClassesQty,innerClassesQty,lambdasQty,uniqueWordsQty,modifiers,logStatementsQty,hasJavaDoc
C:\PROJECTS\design-pattern-strategy-master\design-pattern-strategy-master\strategy\src\main\java\org\trishinfotech\strategy\SimpleInterestCalculator.java,org.trishinfotech.strategy.SimpleInterestCalculator,"calculateInterest/3[double,double,int]",false,6,0,0,0,0,1,0,3,1,0,3,0,0,0,0,0,0,2,0,1,0,2,0,0,0,0,5,1,0,false
C:\PROJECTS\design-pattern-strategy-master\design-pattern-strategy-master\strategy\src\main\java\org\trishinfotech\strategy\SimpleInterestCalculator.java,org.trishinfotech.strategy.SimpleInterestCalculator,toString/0,false,11,0,0,0,0,1,0,3,1,0,0,0,0,0,0,0,0,0,1,0,0,0,0,0,0,0,2,1,0,false
C:\PROJECTS\design-pattern-strategy-master\design-pattern-strategy-master\strategy\src\main\java\org\trishinfotech\strategy\Account.java,org.trishinfotech.strategy.Account,setAmount/1[double],false,64,0,0,0,0,1,0,3,0,0,1,0,0,0,0,0,0,0,0,0,1,0,0,0,0,0,3,1,0,false
C:\PROJECTS\design-pattern-strategy-master\design-pattern-strategy-master\strategy\src\main\java\org\trishinfotech\strategy\Account.java,org.trishinfotech.strategy.Account,getInterest/1[int],false,83,3,7,2,5,3,5,6,2,0,1,5,3,1,0,2,0,0,0,1,0,0,1,0,0,0,8,1,0,false
C:\PROJECTS\design-pattern-strategy-master\design-pattern-strategy-master\strategy\src\main\java\org\trishinfotech\strategy\Account.java,org.trishinfotech.strategy.Account,getAccountHolderName/0,false,36,0,1,1,0,1,0,3,1,0,0,0,0,0,0,0,0,0,0,0,0,0,0,0,0,0,5,1,0,false
C:\PROJECTS\design-pattern-strategy-master\design-pattern-strategy-master\strategy\src\main\java\org\trishinfotech\strategy\Account.java,org.trishinfotech.strategy.Account,getAccountNo/0,false,28,0,1,1,0,1,0,3,1,0,0,0,0,0,0,0,0,0,0,0,0,0,0,0,0,0,4,1,0,false
C:\PROJECTS\design-pattern-strategy-master\design-pattern-strategy-master\strategy\src\main\java\org\trishinfotech\strategy\Account.java,org.trishinfotech.strategy.Account,setAccountHolderName/1[java.lang.String],false,40,0,0,0,0,1,0,3,0,0,1,0,0,0,0,0,0,0,0,0,1,0,0,0,0,0,5,1,0,false
C:\PROJECTS\design-pattern-strategy-master\design-pattern-strategy-master\strategy\src\main\java\org\trishinfotech\strategy\Account.java,org.trishinfotech.strategy.Account,toString/0,false,91,2,6,0,6,2,11,5,1,1,0,11,5,1,0,1,0,1,7,1,1,0,0,0,0,0,18,1,0,false
C:\PROJECTS\design-pattern-strategy-master\design-pattern-strategy-master\strategy\src\main\java\org\trishinfotech\strategy\Account.java,org.trishinfotech.strategy.Account,deposit/1[double],false,68,0,2,2,0,2,0,5,0,0,1,0,0,0,0,0,0,0,0,1,1,0,1,0,0,0,2,1,0,false
C:\PROJECTS\design-pattern-strategy-master\design-pattern-strategy-master\strategy\src\main\java\org\trishinfotech\strategy\Account.java,org.trishinfotech.strategy.Account,Account/0,true,11,0,0,0,0,1,0,3,0,0,0,0,0,0,0,0,0,0,0,0,0,0,0,0,0,0,1,1,0,false
C:\PROJECTS\design-pattern-strategy-master\design-pattern-strategy-master\strategy\src\main\java\org\trishinfotech\strategy\Account.java,org.trishinfotech.strategy.Account,"Account/3[long,java.lang.String,org.trishinfotech.strategy.AccountType]",true,15,1,2,2,0,1,0,6,0,0,3,0,0,0,0,0,0,0,0,0,3,0,0,0,0,0,6,1,0,false
C:\PROJECTS\design-pattern-strategy-master\design-pattern-strategy-master\strategy\src\main\java\org\trishinfotech\strategy\Account.java,org.trishinfotech.strategy.Account,withdraw/1[double],false,75,0,0,0,0,3,0,5,0,0,1,0,0,0,0,0,0,0,0,1,1,0,1,0,0,0,2,1,0,false
C:\PROJECTS\design-pattern-strategy-master\design-pattern-strategy-master\strategy\src\main\java\org\trishinfotech\strategy\Account.java,org.trishinfotech.strategy.Account,getAccountType/0,false,44,1,2,2,0,1,0,3,1,0,0,0,0,0,0,0,0,0,0,0,0,0,0,0,0,0,4,1,0,false
C:\PROJECTS\design-pattern-strategy-master\design-pattern-strategy-master\strategy\src\main\java\org\trishinfotech\strategy\Account.java,org.trishinfotech.strategy.Account,getAmount/0,false,60,0,2,2,0,1,0,3,1,0,0,0,0,0,0,0,0,0,0,0,0,0,0,0,0,0,3,1,0,false
C:\PROJECTS\design-pattern-strategy-master\design-pattern-strategy-master\strategy\src\main\java\org\trishinfotech\strategy\Account.java,org.trishinfotech.strategy.Account,"Account/4[long,java.lang.String,org.trishinfotech.strategy.AccountType,org.trishinfotech.strategy.InterestCalculationStrategy]",true,23,2,0,0,0,1,0,4,0,0,4,0,0,0,0,0,0,0,0,0,1,0,0,0,0,0,3,1,0,false
C:\PROJECTS\design-pattern-strategy-master\design-pattern-strategy-master\strategy\src\main\java\org\trishinfotech\strategy\Account.java,org.trishinfotech.strategy.Account,setInterestStrategy/1[org.trishinfotech.strategy.InterestCalculationStrategy],false,56,1,2,2,0,1,0,3,0,0,1,0,0,0,0,0,0,0,0,0,1,0,0,0,0,0,5,1,0,false
C:\PROJECTS\design-pattern-strategy-master\design-pattern-strategy-master\strategy\src\main\java\org\trishinfotech\strategy\Account.java,org.trishinfotech.strategy.Account,setAccountType/1[org.trishinfotech.strategy.AccountType],false,48,1,0,0,0,1,0,3,0,0,1,0,0,0,0,0,0,0,0,0,1,0,0,0,0,0,4,1,0,false
C:\PROJECTS\design-pattern-strategy-master\design-pattern-strategy-master\strategy\src\main\java\org\trishinfotech\strategy\Account.java,org.trishinfotech.strategy.Account,setAccountNo/1[long],false,32,0,0,0,0,1,0,3,0,0,1,0,0,0,0,0,0,0,0,0,1,0,0,0,0,0,4,1,0,false
C:\PROJECTS\design-pattern-strategy-master\design-pattern-strategy-master\strategy\src\main\java\org\trishinfotech\strategy\Account.java,org.trishinfotech.strategy.Account,getInterestStrategy/0,false,52,1,2,2,0,1,0,3,1,0,0,0,0,0,0,0,0,0,0,0,0,0,0,0,0,0,5,1,0,false
C:\PROJECTS\design-pattern-strategy-master\design-pattern-strategy-master\strategy\src\main\java\org\trishinfotech\strategy\CompundInterestCalculator.java,org.trishinfotech.strategy.CompundInterestCalculator,"calculateInterest/3[double,double,int]",false,6,0,0,0,0,1,1,3,1,0,3,1,0,0,0,0,0,1,0,2,0,4,0,0,0,0,5,1,0,false
C:\PROJECTS\design-pattern-strategy-master\design-pattern-strategy-master\strategy\src\main\java\org\trishinfotech\strategy\CompundInterestCalculator.java,org.trishinfotech.strategy.CompundInterestCalculator,toString/0,false,11,0,0,0,0,1,0,3,1,0,0,0,0,0,0,0,0,0,1,0,0,0,0,0,0,0,2,1,0,false
C:\PROJECTS\design-pattern-strategy-master\design-pattern-strategy-master\strategy\src\main\java\org\trishinfotech\strategy\AccountType.java,org.trishinfotech.strategy.AccountType,AccountType/1[double],true,9,0,0,0,0,1,0,3,0,0,1,0,0,0,0,0,0,0,0,0,1,0,0,0,0,0,3,0,0,false
C:\PROJECTS\design-pattern-strategy-master\design-pattern-strategy-master\strategy\src\main\java\org\trishinfotech\strategy\AccountType.java,org.trishinfotech.strategy.AccountType,getRate/0,false,13,0,2,2,0,1,0,3,1,0,0,0,0,0,0,0,0,0,0,0,0,0,0,0,0,0,3,1,0,false
C:\PROJECTS\design-pattern-strategy-master\design-pattern-strategy-master\strategy\src\main\java\org\trishinfotech\strategy\StrategyFactory.java,org.trishinfotech.strategy.StrategyFactory,createStrategy/1[java.lang.String],false,5,3,3,1,2,4,2,15,1,1,1,2,0,0,0,1,0,0,3,0,3,0,2,0,0,0,11,1,0,false
C:\PROJECTS\design-pattern-strategy-master\design-pattern-strategy-master\strategy\src\main\java\org\trishinfotech\strategy\Main1.java,org.trishinfotech.strategy.Main1,main/1[java.lang.String[]],false,5,2,6,0,6,1,6,13,0,3,1,6,0,0,0,0,0,0,6,6,3,2,0,0,0,0,10,9,0,false
C:\PROJECTS\design-pattern-strategy-master\design-pattern-strategy-master\strategy\src\main\java\org\trishinfotech\strategy\InterestCalculationStrategy.java,org.trishinfotech.strategy.InterestCalculationStrategy,"calculateInterest/3[double,double,int]",false,5,0,1,1,0,1,0,1,0,0,3,0,0,0,0,0,0,0,0,0,0,0,0,0,0,0,3,0,0,false
C:\PROJECTS\design-pattern-strategy-master\design-pattern-strategy-master\strategy\src\main\java\org\trishinfotech\strategy\Main.java,org.trishinfotech.strategy.Main,main/1[java.lang.String[]],false,5,3,6,0,6,1,5,12,0,2,1,5,0,0,0,0,0,0,4,6,2,2,0,0,0,0,11,9,0,false
