file,class,method,variable,usage
C:\PROJECTS\design-pattern-strategy-master\design-pattern-strategy-master\strategy\src\main\java\org\trishinfotech\strategy\SimpleInterestCalculator.java,org.trishinfotech.strategy.SimpleInterestCalculator,"calculateInterest/3[double,double,int]",principal,1
C:\PROJECTS\design-pattern-strategy-master\design-pattern-strategy-master\strategy\src\main\java\org\trishinfotech\strategy\SimpleInterestCalculator.java,org.trishinfotech.strategy.SimpleInterestCalculator,"calculateInterest/3[double,double,int]",rate,1
C:\PROJECTS\design-pattern-strategy-master\design-pattern-strategy-master\strategy\src\main\java\org\trishinfotech\strategy\SimpleInterestCalculator.java,org.trishinfotech.strategy.SimpleInterestCalculator,"calculateInterest/3[double,double,int]",term,1
C:\PROJECTS\design-pattern-strategy-master\design-pattern-strategy-master\strategy\src\main\java\org\trishinfotech\strategy\Account.java,org.trishinfotech.strategy.Account,setAmount/1[double],amount,2
C:\PROJECTS\design-pattern-strategy-master\design-pattern-strategy-master\strategy\src\main\java\org\trishinfotech\strategy\Account.java,org.trishinfotech.strategy.Account,getInterest/1[int],term,1
C:\PROJECTS\design-pattern-strategy-master\design-pattern-strategy-master\strategy\src\main\java\org\trishinfotech\strategy\Account.java,org.trishinfotech.strategy.Account,setAccountHolderName/1[java.lang.String],accountHolderName,2
C:\PROJECTS\design-pattern-strategy-master\design-pattern-strategy-master\strategy\src\main\java\org\trishinfotech\strategy\Account.java,org.trishinfotech.strategy.Account,toString/0,builder,2
C:\PROJECTS\design-pattern-strategy-master\design-pattern-strategy-master\strategy\src\main\java\org\trishinfotech\strategy\Account.java,org.trishinfotech.strategy.Account,deposit/1[double],amount,3
C:\PROJECTS\design-pattern-strategy-master\design-pattern-strategy-master\strategy\src\main\java\org\trishinfotech\strategy\Account.java,org.trishinfotech.strategy.Account,"Account/3[long,java.lang.String,org.trishinfotech.strategy.AccountType]",accountNo,2
C:\PROJECTS\design-pattern-strategy-master\design-pattern-strategy-master\strategy\src\main\java\org\trishinfotech\strategy\Account.java,org.trishinfotech.strategy.Account,"Account/3[long,java.lang.String,org.trishinfotech.strategy.AccountType]",accountType,2
C:\PROJECTS\design-pattern-strategy-master\design-pattern-strategy-master\strategy\src\main\java\org\trishinfotech\strategy\Account.java,org.trishinfotech.strategy.Account,"Account/3[long,java.lang.String,org.trishinfotech.strategy.AccountType]",accountHolderName,2
C:\PROJECTS\design-pattern-strategy-master\design-pattern-strategy-master\strategy\src\main\java\org\trishinfotech\strategy\Account.java,org.trishinfotech.strategy.Account,withdraw/1[double],amount,5
C:\PROJECTS\design-pattern-strategy-master\design-pattern-strategy-master\strategy\src\main\java\org\trishinfotech\strategy\Account.java,org.trishinfotech.strategy.Account,"Account/4[long,java.lang.String,org.trishinfotech.strategy.AccountType,org.trishinfotech.strategy.InterestCalculationStrategy]",interestStrategy,2
C:\PROJECTS\design-pattern-strategy-master\design-pattern-strategy-master\strategy\src\main\java\org\trishinfotech\strategy\Account.java,org.trishinfotech.strategy.Account,"Account/4[long,java.lang.String,org.trishinfotech.strategy.AccountType,org.trishinfotech.strategy.InterestCalculationStrategy]",accountNo,1
C:\PROJECTS\design-pattern-strategy-master\design-pattern-strategy-master\strategy\src\main\java\org\trishinfotech\strategy\Account.java,org.trishinfotech.strategy.Account,"Account/4[long,java.lang.String,org.trishinfotech.strategy.AccountType,org.trishinfotech.strategy.InterestCalculationStrategy]",accountType,1
C:\PROJECTS\design-pattern-strategy-master\design-pattern-strategy-master\strategy\src\main\java\org\trishinfotech\strategy\Account.java,org.trishinfotech.strategy.Account,"Account/4[long,java.lang.String,org.trishinfotech.strategy.AccountType,org.trishinfotech.strategy.InterestCalculationStrategy]",accountHolderName,1
C:\PROJECTS\design-pattern-strategy-master\design-pattern-strategy-master\strategy\src\main\java\org\trishinfotech\strategy\Account.java,org.trishinfotech.strategy.Account,setInterestStrategy/1[org.trishinfotech.strategy.InterestCalculationStrategy],interestStrategy,2
C:\PROJECTS\design-pattern-strategy-master\design-pattern-strategy-master\strategy\src\main\java\org\trishinfotech\strategy\Account.java,org.trishinfotech.strategy.Account,setAccountType/1[org.trishinfotech.strategy.AccountType],accountType,2
C:\PROJECTS\design-pattern-strategy-master\design-pattern-strategy-master\strategy\src\main\java\org\trishinfotech\strategy\Account.java,org.trishinfotech.strategy.Account,setAccountNo/1[long],accountNo,2
C:\PROJECTS\design-pattern-strategy-master\design-pattern-strategy-master\strategy\src\main\java\org\trishinfotech\strategy\CompundInterestCalculator.java,org.trishinfotech.strategy.CompundInterestCalculator,"calculateInterest/3[double,double,int]",principal,2
C:\PROJECTS\design-pattern-strategy-master\design-pattern-strategy-master\strategy\src\main\java\org\trishinfotech\strategy\CompundInterestCalculator.java,org.trishinfotech.strategy.CompundInterestCalculator,"calculateInterest/3[double,double,int]",rate,1
C:\PROJECTS\design-pattern-strategy-master\design-pattern-strategy-master\strategy\src\main\java\org\trishinfotech\strategy\CompundInterestCalculator.java,org.trishinfotech.strategy.CompundInterestCalculator,"calculateInterest/3[double,double,int]",term,1
C:\PROJECTS\design-pattern-strategy-master\design-pattern-strategy-master\strategy\src\main\java\org\trishinfotech\strategy\AccountType.java,org.trishinfotech.strategy.AccountType,AccountType/1[double],rate,2
C:\PROJECTS\design-pattern-strategy-master\design-pattern-strategy-master\strategy\src\main\java\org\trishinfotech\strategy\StrategyFactory.java,org.trishinfotech.strategy.StrategyFactory,createStrategy/1[java.lang.String],strategy,3
C:\PROJECTS\design-pattern-strategy-master\design-pattern-strategy-master\strategy\src\main\java\org\trishinfotech\strategy\StrategyFactory.java,org.trishinfotech.strategy.StrategyFactory,createStrategy/1[java.lang.String],strategyType,3
C:\PROJECTS\design-pattern-strategy-master\design-pattern-strategy-master\strategy\src\main\java\org\trishinfotech\strategy\Main1.java,org.trishinfotech.strategy.Main1,main/1[java.lang.String[]],args,0
C:\PROJECTS\design-pattern-strategy-master\design-pattern-strategy-master\strategy\src\main\java\org\trishinfotech\strategy\Main1.java,org.trishinfotech.strategy.Main1,main/1[java.lang.String[]],factory,2
C:\PROJECTS\design-pattern-strategy-master\design-pattern-strategy-master\strategy\src\main\java\org\trishinfotech\strategy\Main1.java,org.trishinfotech.strategy.Main1,main/1[java.lang.String[]],acct2,4
C:\PROJECTS\design-pattern-strategy-master\design-pattern-strategy-master\strategy\src\main\java\org\trishinfotech\strategy\Main1.java,org.trishinfotech.strategy.Main1,main/1[java.lang.String[]],acct1,4
C:\PROJECTS\design-pattern-strategy-master\design-pattern-strategy-master\strategy\src\main\java\org\trishinfotech\strategy\InterestCalculationStrategy.java,org.trishinfotech.strategy.InterestCalculationStrategy,"calculateInterest/3[double,double,int]",principal,0
C:\PROJECTS\design-pattern-strategy-master\design-pattern-strategy-master\strategy\src\main\java\org\trishinfotech\strategy\InterestCalculationStrategy.java,org.trishinfotech.strategy.InterestCalculationStrategy,"calculateInterest/3[double,double,int]",rate,0
C:\PROJECTS\design-pattern-strategy-master\design-pattern-strategy-master\strategy\src\main\java\org\trishinfotech\strategy\InterestCalculationStrategy.java,org.trishinfotech.strategy.InterestCalculationStrategy,"calculateInterest/3[double,double,int]",term,0
C:\PROJECTS\design-pattern-strategy-master\design-pattern-strategy-master\strategy\src\main\java\org\trishinfotech\strategy\Main.java,org.trishinfotech.strategy.Main,main/1[java.lang.String[]],args,0
C:\PROJECTS\design-pattern-strategy-master\design-pattern-strategy-master\strategy\src\main\java\org\trishinfotech\strategy\Main.java,org.trishinfotech.strategy.Main,main/1[java.lang.String[]],acct2,4
C:\PROJECTS\design-pattern-strategy-master\design-pattern-strategy-master\strategy\src\main\java\org\trishinfotech\strategy\Main.java,org.trishinfotech.strategy.Main,main/1[java.lang.String[]],acct1,4
