file,class,method,constructor,line,cbo,cboModified,fanin,fanout,wmc,rfc,loc,returnsQty,variablesQty,parametersQty,methodsInvokedQty,methodsInvokedLocalQty,methodsInvokedIndirectLocalQty,loopQty,comparisonsQty,tryCatchQty,parenthesizedExpsQty,stringLiteralsQty,numbersQty,assignmentsQty,mathOperationsQty,maxNestedBlocksQty,anonymousClassesQty,innerClassesQty,lambdasQty,uniqueWordsQty,modifiers,logStatementsQty,hasJavaDoc
C:\PROJECTS\Greenhouse-Control-System-Java-Design-Patterns-master\Greenhouse-Control-System-Java-Design-Patterns-master\AverageTemperatureSensor.java,AverageTemperatureSensor,triggered/0,false,13,6,8,0,8,1,4,10,0,4,0,4,0,0,0,0,0,0,3,0,4,0,0,0,0,0,24,1,0,false
C:\PROJECTS\Greenhouse-Control-System-Java-Design-Patterns-master\Greenhouse-Control-System-Java-Design-Patterns-master\AverageTemperatureSensor.java,AverageTemperatureSensor,getDescription/0,false,10,0,0,0,0,1,0,3,1,0,0,0,0,0,0,0,0,0,0,0,0,0,0,0,0,0,3,1,0,false
C:\PROJECTS\Greenhouse-Control-System-Java-Design-Patterns-master\Greenhouse-Control-System-Java-Design-Patterns-master\StartDarknessCommand.java,StartDarknessCommand,execute/0,false,12,1,4,3,1,1,2,4,0,0,0,2,0,0,0,0,0,0,1,0,0,0,0,0,0,0,4,1,0,false
C:\PROJECTS\Greenhouse-Control-System-Java-Design-Patterns-master\Greenhouse-Control-System-Java-Design-Patterns-master\StartDarknessCommand.java,StartDarknessCommand,StartDarknessCommand/1[DarknessSystem],true,7,1,3,3,0,1,0,4,0,0,1,0,0,0,0,0,0,0,0,0,1,0,0,0,0,0,5,1,0,false
C:\PROJECTS\Greenhouse-Control-System-Java-Design-Patterns-master\Greenhouse-Control-System-Java-Design-Patterns-master\StopDarknessCommand.java,StopDarknessCommand,execute/0,false,10,1,1,0,1,1,2,4,0,0,0,2,0,0,0,0,0,0,1,0,0,0,0,0,0,0,4,1,0,false
C:\PROJECTS\Greenhouse-Control-System-Java-Design-Patterns-master\Greenhouse-Control-System-Java-Design-Patterns-master\StopDarknessCommand.java,StopDarknessCommand,StopDarknessCommand/1[DarknessSystem],true,6,1,1,1,0,1,0,4,0,0,1,0,0,0,0,0,0,0,0,0,1,0,0,0,0,0,5,1,0,false
C:\PROJECTS\Greenhouse-Control-System-Java-Design-Patterns-master\Greenhouse-Control-System-Java-Design-Patterns-master\BestTemperatureSensor.java,BestTemperatureSensor,getDescription/0,false,9,0,0,0,0,1,0,3,1,0,0,0,0,0,0,0,0,0,0,0,0,0,0,0,0,0,3,1,0,false
C:\PROJECTS\Greenhouse-Control-System-Java-Design-Patterns-master\Greenhouse-Control-System-Java-Design-Patterns-master\BestTemperatureSensor.java,BestTemperatureSensor,triggered/0,false,13,6,8,0,8,1,4,10,0,4,0,4,0,0,0,0,0,0,3,0,4,0,0,0,0,0,24,1,0,false
C:\PROJECTS\Greenhouse-Control-System-Java-Design-Patterns-master\Greenhouse-Control-System-Java-Design-Patterns-master\CheapHumiditySensor.java,CheapHumiditySensor,getDescription/0,false,9,0,0,0,0,1,0,3,1,0,0,0,0,0,0,0,0,0,0,0,0,0,0,0,0,0,3,1,0,false
C:\PROJECTS\Greenhouse-Control-System-Java-Design-Patterns-master\Greenhouse-Control-System-Java-Design-Patterns-master\CheapHumiditySensor.java,CheapHumiditySensor,triggered/0,false,12,6,8,0,8,1,4,10,0,4,0,4,0,0,0,0,0,0,3,0,4,0,0,0,0,0,24,1,0,false
C:\PROJECTS\Greenhouse-Control-System-Java-Design-Patterns-master\Greenhouse-Control-System-Java-Design-Patterns-master\CoolingSystem.java,CoolingSystem,stop/0,false,10,0,1,1,0,1,1,3,0,0,0,1,0,0,0,0,0,0,1,0,0,0,0,0,0,0,3,0,0,false
C:\PROJECTS\Greenhouse-Control-System-Java-Design-Patterns-master\Greenhouse-Control-System-Java-Design-Patterns-master\CoolingSystem.java,CoolingSystem,start/0,false,6,0,1,1,0,1,1,3,0,0,0,1,0,0,0,0,0,0,1,0,0,0,0,0,0,0,5,0,0,true
C:\PROJECTS\Greenhouse-Control-System-Java-Design-Patterns-master\Greenhouse-Control-System-Java-Design-Patterns-master\Message.java,Message,sendMessage/1[java.lang.String],false,2,0,9,9,0,1,0,1,0,0,1,0,0,0,0,0,0,0,0,0,0,0,0,0,0,0,5,0,0,true
C:\PROJECTS\Greenhouse-Control-System-Java-Design-Patterns-master\Greenhouse-Control-System-Java-Design-Patterns-master\ExecutiveObject.java,ExecutiveObject,getInstance/0,false,11,1,1,1,0,1,0,3,1,0,0,0,0,0,0,0,0,0,0,0,0,0,0,0,0,0,5,9,0,false
C:\PROJECTS\Greenhouse-Control-System-Java-Design-Patterns-master\Greenhouse-Control-System-Java-Design-Patterns-master\ExecutiveObject.java,ExecutiveObject,showMessage/1[java.lang.String],false,16,0,9,9,0,1,1,3,0,0,1,1,0,0,0,0,0,0,1,0,0,1,0,0,0,0,3,1,0,false
C:\PROJECTS\Greenhouse-Control-System-Java-Design-Patterns-master\Greenhouse-Control-System-Java-Design-Patterns-master\ExecutiveObject.java,ExecutiveObject,ExecutiveObject/0,true,9,0,9,9,0,1,0,2,0,0,0,0,0,0,0,0,0,0,0,0,0,0,0,0,0,0,2,0,0,false
C:\PROJECTS\Greenhouse-Control-System-Java-Design-Patterns-master\Greenhouse-Control-System-Java-Design-Patterns-master\SensorAlarm.java,SensorAlarm,triggered/0,false,2,0,1,1,0,1,0,1,0,0,0,0,0,0,0,0,0,0,0,0,0,0,0,0,0,0,3,0,0,true
C:\PROJECTS\Greenhouse-Control-System-Java-Design-Patterns-master\Greenhouse-Control-System-Java-Design-Patterns-master\GreenhouseControlRemote.java,GreenhouseControlRemote,setCommand/1[Command],false,8,1,1,1,0,1,0,3,0,0,1,0,0,0,0,0,0,0,0,0,1,0,0,0,0,0,3,1,0,false
C:\PROJECTS\Greenhouse-Control-System-Java-Design-Patterns-master\Greenhouse-Control-System-Java-Design-Patterns-master\GreenhouseControlRemote.java,GreenhouseControlRemote,buttonPressed/0,false,12,1,2,1,1,1,1,3,0,0,0,1,0,0,0,0,0,0,0,0,0,0,0,0,0,0,2,1,0,false
C:\PROJECTS\Greenhouse-Control-System-Java-Design-Patterns-master\Greenhouse-Control-System-Java-Design-Patterns-master\BestBrand.java,BestBrand,createHumiditySensor/0,false,12,2,1,0,1,1,0,3,1,0,0,0,0,0,0,0,0,0,0,0,0,0,0,0,0,0,4,1,0,false
C:\PROJECTS\Greenhouse-Control-System-Java-Design-Patterns-master\Greenhouse-Control-System-Java-Design-Patterns-master\BestBrand.java,BestBrand,createTemperatureSensor/0,false,7,2,1,0,1,1,0,3,1,0,0,0,0,0,0,0,0,0,0,0,0,0,0,0,0,0,6,1,0,true
C:\PROJECTS\Greenhouse-Control-System-Java-Design-Patterns-master\Greenhouse-Control-System-Java-Design-Patterns-master\BestBrand.java,BestBrand,createLightSensor/0,false,18,2,1,0,1,1,0,3,1,0,0,0,0,0,0,0,0,0,0,0,0,0,0,0,0,0,4,1,0,false
C:\PROJECTS\Greenhouse-Control-System-Java-Design-Patterns-master\Greenhouse-Control-System-Java-Design-Patterns-master\CheapBrand.java,CheapBrand,createHumiditySensor/0,false,12,2,1,0,1,1,0,3,1,0,0,0,0,0,0,0,0,0,0,0,0,0,0,0,0,0,4,1,0,false
C:\PROJECTS\Greenhouse-Control-System-Java-Design-Patterns-master\Greenhouse-Control-System-Java-Design-Patterns-master\CheapBrand.java,CheapBrand,createTemperatureSensor/0,false,7,2,1,0,1,1,0,3,1,0,0,0,0,0,0,0,0,0,0,0,0,0,0,0,0,0,6,1,0,true
C:\PROJECTS\Greenhouse-Control-System-Java-Design-Patterns-master\Greenhouse-Control-System-Java-Design-Patterns-master\CheapBrand.java,CheapBrand,createLightSensor/0,false,16,2,1,0,1,1,0,3,1,0,0,0,0,0,0,0,0,0,0,0,0,0,0,0,0,0,4,1,0,false
C:\PROJECTS\Greenhouse-Control-System-Java-Design-Patterns-master\Greenhouse-Control-System-Java-Design-Patterns-master\AverageBrand.java,AverageBrand,createHumiditySensor/0,false,12,2,1,0,1,1,0,3,1,0,0,0,0,0,0,0,0,0,0,0,0,0,0,0,0,0,4,1,0,false
C:\PROJECTS\Greenhouse-Control-System-Java-Design-Patterns-master\Greenhouse-Control-System-Java-Design-Patterns-master\AverageBrand.java,AverageBrand,createTemperatureSensor/0,false,7,2,1,0,1,1,0,3,1,0,0,0,0,0,0,0,0,0,0,0,0,0,0,0,0,0,6,1,0,true
C:\PROJECTS\Greenhouse-Control-System-Java-Design-Patterns-master\Greenhouse-Control-System-Java-Design-Patterns-master\AverageBrand.java,AverageBrand,createLightSensor/0,false,16,2,1,0,1,1,0,3,1,0,0,0,0,0,0,0,0,0,0,0,0,0,0,0,0,0,4,1,0,false
C:\PROJECTS\Greenhouse-Control-System-Java-Design-Patterns-master\Greenhouse-Control-System-Java-Design-Patterns-master\DarknessSystem.java,DarknessSystem,stop/0,false,10,0,1,1,0,1,1,3,0,0,0,1,0,0,0,0,0,0,1,0,0,0,0,0,0,0,3,0,0,false
C:\PROJECTS\Greenhouse-Control-System-Java-Design-Patterns-master\Greenhouse-Control-System-Java-Design-Patterns-master\DarknessSystem.java,DarknessSystem,start/0,false,6,0,1,1,0,1,1,3,0,0,0,1,0,0,0,0,0,0,1,0,0,0,0,0,0,0,5,0,0,true
C:\PROJECTS\Greenhouse-Control-System-Java-Design-Patterns-master\Greenhouse-Control-System-Java-Design-Patterns-master\TemperatureMessage.java,TemperatureMessage,sendMessage/1[java.lang.String],false,5,0,0,0,0,1,1,3,0,0,1,1,0,0,0,0,0,0,1,0,0,1,0,0,0,0,8,1,0,true
C:\PROJECTS\Greenhouse-Control-System-Java-Design-Patterns-master\Greenhouse-Control-System-Java-Design-Patterns-master\HumiditySensor.java,HumiditySensor,getDescription/0,false,2,0,0,0,0,1,0,1,0,0,0,0,0,0,0,0,0,0,0,0,0,0,0,0,0,0,4,0,0,true
C:\PROJECTS\Greenhouse-Control-System-Java-Design-Patterns-master\Greenhouse-Control-System-Java-Design-Patterns-master\AverageHumiditySensor.java,AverageHumiditySensor,getDescription/0,false,9,0,0,0,0,1,0,3,1,0,0,0,0,0,0,0,0,0,0,0,0,0,0,0,0,0,3,1,0,false
C:\PROJECTS\Greenhouse-Control-System-Java-Design-Patterns-master\Greenhouse-Control-System-Java-Design-Patterns-master\AverageHumiditySensor.java,AverageHumiditySensor,triggered/0,false,12,6,8,0,8,1,4,10,0,4,0,4,0,0,0,0,0,0,3,0,4,0,0,0,0,0,24,1,0,false
C:\PROJECTS\Greenhouse-Control-System-Java-Design-Patterns-master\Greenhouse-Control-System-Java-Design-Patterns-master\AverageLightSensor.java,AverageLightSensor,getDescription/0,false,9,0,0,0,0,1,0,3,1,0,0,0,0,0,0,0,0,0,0,0,0,0,0,0,0,0,3,1,0,false
C:\PROJECTS\Greenhouse-Control-System-Java-Design-Patterns-master\Greenhouse-Control-System-Java-Design-Patterns-master\AverageLightSensor.java,AverageLightSensor,triggered/0,false,12,6,8,0,8,1,4,10,0,4,0,4,0,0,0,0,0,0,3,0,4,0,0,0,0,0,31,1,0,false
C:\PROJECTS\Greenhouse-Control-System-Java-Design-Patterns-master\Greenhouse-Control-System-Java-Design-Patterns-master\BestLightSensor.java,BestLightSensor,getDescription/0,false,9,0,0,0,0,1,0,3,1,0,0,0,0,0,0,0,0,0,0,0,0,0,0,0,0,0,3,1,0,false
C:\PROJECTS\Greenhouse-Control-System-Java-Design-Patterns-master\Greenhouse-Control-System-Java-Design-Patterns-master\BestLightSensor.java,BestLightSensor,triggered/0,false,13,6,8,0,8,1,4,10,0,4,0,4,0,0,0,0,0,0,3,0,4,0,0,0,0,0,31,1,0,false
C:\PROJECTS\Greenhouse-Control-System-Java-Design-Patterns-master\Greenhouse-Control-System-Java-Design-Patterns-master\SensorSystem.java,SensorSystem,notifyFarmers/0,false,13,1,2,1,1,2,4,5,0,1,0,4,0,0,1,0,0,1,0,0,1,0,1,0,0,0,6,1,0,false
C:\PROJECTS\Greenhouse-Control-System-Java-Design-Patterns-master\Greenhouse-Control-System-Java-Design-Patterns-master\SensorSystem.java,SensorSystem,register/1[SensorAlarm],false,9,1,1,1,0,1,1,3,0,0,1,1,0,0,0,0,0,0,0,0,0,0,0,0,0,0,4,1,0,false
C:\PROJECTS\Greenhouse-Control-System-Java-Design-Patterns-master\Greenhouse-Control-System-Java-Design-Patterns-master\LightMessageAdapter.java,LightMessageAdapter,sendMessage/1[java.lang.String],false,13,0,0,0,0,1,1,3,0,0,1,1,0,0,0,0,0,0,1,0,0,1,0,0,0,0,6,1,0,false
C:\PROJECTS\Greenhouse-Control-System-Java-Design-Patterns-master\Greenhouse-Control-System-Java-Design-Patterns-master\LightMessageAdapter.java,LightMessageAdapter,LightMessageAdapter/1[LightMessage],true,9,1,3,3,0,1,0,3,0,0,1,0,0,0,0,0,0,0,0,0,1,0,0,0,0,0,4,1,0,false
C:\PROJECTS\Greenhouse-Control-System-Java-Design-Patterns-master\Greenhouse-Control-System-Java-Design-Patterns-master\TemperatureMessageAdapter.java,TemperatureMessageAdapter,TemperatureMessageAdapter/1[TemperatureMessage],true,6,1,3,3,0,1,0,3,0,0,1,0,0,0,0,0,0,0,0,0,1,0,0,0,0,0,4,1,0,false
C:\PROJECTS\Greenhouse-Control-System-Java-Design-Patterns-master\Greenhouse-Control-System-Java-Design-Patterns-master\TemperatureMessageAdapter.java,TemperatureMessageAdapter,sendMessage/1[java.lang.String],false,11,0,0,0,0,1,1,3,0,0,1,1,0,0,0,0,0,0,1,0,0,1,0,0,0,0,6,1,0,false
C:\PROJECTS\Greenhouse-Control-System-Java-Design-Patterns-master\Greenhouse-Control-System-Java-Design-Patterns-master\SensorBrand.java,SensorBrand,createTemperatureSensor/0,false,2,1,1,1,0,1,0,1,0,0,0,0,0,0,0,0,0,0,0,0,0,0,0,0,0,0,5,0,0,true
C:\PROJECTS\Greenhouse-Control-System-Java-Design-Patterns-master\Greenhouse-Control-System-Java-Design-Patterns-master\SensorBrand.java,SensorBrand,createHumiditySensor/0,false,8,1,1,1,0,1,0,1,0,0,0,0,0,0,0,0,0,0,0,0,0,0,0,0,0,0,3,0,0,false
C:\PROJECTS\Greenhouse-Control-System-Java-Design-Patterns-master\Greenhouse-Control-System-Java-Design-Patterns-master\SensorBrand.java,SensorBrand,createLightSensor/0,false,9,1,1,1,0,1,0,1,0,0,0,0,0,0,0,0,0,0,0,0,0,0,0,0,0,0,3,0,0,false
C:\PROJECTS\Greenhouse-Control-System-Java-Design-Patterns-master\Greenhouse-Control-System-Java-Design-Patterns-master\CheapLightSensor.java,CheapLightSensor,getDescription/0,false,9,0,0,0,0,1,0,3,1,0,0,0,0,0,0,0,0,0,0,0,0,0,0,0,0,0,3,1,0,false
C:\PROJECTS\Greenhouse-Control-System-Java-Design-Patterns-master\Greenhouse-Control-System-Java-Design-Patterns-master\CheapLightSensor.java,CheapLightSensor,triggered/0,false,12,6,8,0,8,1,4,10,0,4,0,4,0,0,0,0,0,0,3,0,4,0,0,0,0,0,31,1,0,false
C:\PROJECTS\Greenhouse-Control-System-Java-Design-Patterns-master\Greenhouse-Control-System-Java-Design-Patterns-master\LightSensor.java,LightSensor,getDescription/0,false,2,0,0,0,0,1,0,1,0,0,0,0,0,0,0,0,0,0,0,0,0,0,0,0,0,0,4,0,0,true
C:\PROJECTS\Greenhouse-Control-System-Java-Design-Patterns-master\Greenhouse-Control-System-Java-Design-Patterns-master\TemperatureSensor.java,TemperatureSensor,getDescription/0,false,2,0,0,0,0,1,0,1,0,0,0,0,0,0,0,0,0,0,0,0,0,0,0,0,0,0,4,0,0,true
C:\PROJECTS\Greenhouse-Control-System-Java-Design-Patterns-master\Greenhouse-Control-System-Java-Design-Patterns-master\StopCoolingSystemCommand.java,StopCoolingSystemCommand,execute/0,false,12,1,1,0,1,1,2,4,0,0,0,2,0,0,0,0,0,0,1,0,0,0,0,0,0,0,3,1,0,false
C:\PROJECTS\Greenhouse-Control-System-Java-Design-Patterns-master\Greenhouse-Control-System-Java-Design-Patterns-master\StopCoolingSystemCommand.java,StopCoolingSystemCommand,StopCoolingSystemCommand/1[CoolingSystem],true,8,1,1,1,0,1,0,4,0,0,1,0,0,0,0,0,0,0,0,0,1,0,0,0,0,0,5,1,0,false
C:\PROJECTS\Greenhouse-Control-System-Java-Design-Patterns-master\Greenhouse-Control-System-Java-Design-Patterns-master\StartCoolingSystemCommand.java,StartCoolingSystemCommand,execute/0,false,12,1,7,6,1,1,2,4,0,0,0,2,0,0,0,0,0,0,1,0,0,0,0,0,0,0,3,1,0,false
C:\PROJECTS\Greenhouse-Control-System-Java-Design-Patterns-master\Greenhouse-Control-System-Java-Design-Patterns-master\StartCoolingSystemCommand.java,StartCoolingSystemCommand,StartCoolingSystemCommand/1[CoolingSystem],true,7,1,6,6,0,1,0,4,0,0,1,0,0,0,0,0,0,0,0,0,1,0,0,0,0,0,5,1,0,false
C:\PROJECTS\Greenhouse-Control-System-Java-Design-Patterns-master\Greenhouse-Control-System-Java-Design-Patterns-master\Command.java,Command,execute/0,false,2,0,1,1,0,1,0,1,0,0,0,0,0,0,0,0,0,0,0,0,0,0,0,0,0,0,3,1,0,true
C:\PROJECTS\Greenhouse-Control-System-Java-Design-Patterns-master\Greenhouse-Control-System-Java-Design-Patterns-master\HumidityMessageAdapter.java,HumidityMessageAdapter,sendMessage/1[java.lang.String],false,14,0,0,0,0,1,1,3,0,0,1,1,0,0,0,0,0,0,1,0,0,1,0,0,0,0,6,1,0,false
C:\PROJECTS\Greenhouse-Control-System-Java-Design-Patterns-master\Greenhouse-Control-System-Java-Design-Patterns-master\HumidityMessageAdapter.java,HumidityMessageAdapter,HumidityMessageAdapter/1[HumidityMessage],true,9,1,3,3,0,1,0,3,0,0,1,0,0,0,0,0,0,0,0,0,1,0,0,0,0,0,4,1,0,false
C:\PROJECTS\Greenhouse-Control-System-Java-Design-Patterns-master\Greenhouse-Control-System-Java-Design-Patterns-master\HumidityMessage.java,HumidityMessage,sendMessage/1[java.lang.String],false,6,0,0,0,0,1,1,3,0,0,1,1,0,0,0,0,0,0,1,0,0,1,0,0,0,0,8,1,0,true
C:\PROJECTS\Greenhouse-Control-System-Java-Design-Patterns-master\Greenhouse-Control-System-Java-Design-Patterns-master\BestHumiditySensor.java,BestHumiditySensor,getDescription/0,false,9,0,0,0,0,1,0,3,1,0,0,0,0,0,0,0,0,0,0,0,0,0,0,0,0,0,3,1,0,false
C:\PROJECTS\Greenhouse-Control-System-Java-Design-Patterns-master\Greenhouse-Control-System-Java-Design-Patterns-master\BestHumiditySensor.java,BestHumiditySensor,triggered/0,false,13,6,8,0,8,1,4,10,0,4,0,4,0,0,0,0,0,0,3,0,4,0,0,0,0,0,24,1,0,false
C:\PROJECTS\Greenhouse-Control-System-Java-Design-Patterns-master\Greenhouse-Control-System-Java-Design-Patterns-master\MainProject.java,MainProject,main/1[java.lang.String[]],false,6,13,15,0,15,1,8,20,0,9,1,8,0,0,0,0,0,0,0,0,9,0,0,0,0,0,31,9,0,true
C:\PROJECTS\Greenhouse-Control-System-Java-Design-Patterns-master\Greenhouse-Control-System-Java-Design-Patterns-master\LightMessage.java,LightMessage,sendMessage/1[java.lang.String],false,7,0,0,0,0,1,1,3,0,0,1,1,0,0,0,0,0,0,1,0,0,1,0,0,0,0,8,1,0,true
C:\PROJECTS\Greenhouse-Control-System-Java-Design-Patterns-master\Greenhouse-Control-System-Java-Design-Patterns-master\CheapTemperatureSensor.java,CheapTemperatureSensor,getDescription/0,false,9,0,0,0,0,1,0,3,1,0,0,0,0,0,0,0,0,0,0,0,0,0,0,0,0,0,3,1,0,false
C:\PROJECTS\Greenhouse-Control-System-Java-Design-Patterns-master\Greenhouse-Control-System-Java-Design-Patterns-master\CheapTemperatureSensor.java,CheapTemperatureSensor,triggered/0,false,12,6,8,0,8,1,4,10,0,4,0,4,0,0,0,0,0,0,3,0,4,0,0,0,0,0,24,1,0,false
