file,class,method,constructor,line,cbo,cboModified,fanin,fanout,wmc,rfc,loc,returnsQty,variablesQty,parametersQty,methodsInvokedQty,methodsInvokedLocalQty,methodsInvokedIndirectLocalQty,loopQty,comparisonsQty,tryCatchQty,parenthesizedExpsQty,stringLiteralsQty,numbersQty,assignmentsQty,mathOperationsQty,maxNestedBlocksQty,anonymousClassesQty,innerClassesQty,lambdasQty,uniqueWordsQty,modifiers,logStatementsQty,hasJavaDoc
C:\PROJECTS\design-patterns-master\design-patterns-master\design-patterns\src\com\mkv\design\patterns\factory\FileLoggerImpl.java,com.mkv.design.patterns.factory.FileLoggerImpl,log/1[java.lang.String],false,6,0,0,0,0,1,1,3,0,0,1,1,0,0,0,0,0,0,1,0,0,0,0,0,0,0,3,1,0,false
C:\PROJECTS\design-patterns-master\design-patterns-master\design-patterns\src\com\mkv\design\patterns\factory\SimpleFactory.java,com.mkv.design.patterns.factory.CarFactory,getCarInstance/1[com.mkv.design.patterns.factory.Car],false,43,4,3,1,2,3,0,10,3,0,1,0,0,0,0,0,0,0,0,0,0,0,1,0,0,0,8,1,0,false
C:\PROJECTS\design-patterns-master\design-patterns-master\design-patterns\src\com\mkv\design\patterns\singleton\EarlyInitializationSingleton.java,com.mkv.design.patterns.singleton.EarlyInitializationSingleton,getInstance/0,false,9,1,1,1,0,1,0,3,1,0,0,0,0,0,0,0,0,0,0,0,0,0,0,0,0,0,6,9,0,false
C:\PROJECTS\design-patterns-master\design-patterns-master\design-patterns\src\com\mkv\design\patterns\singleton\EarlyInitializationSingleton.java,com.mkv.design.patterns.singleton.EarlyInitializationSingleton,EarlyInitializationSingleton/0,true,7,0,0,0,0,1,0,2,0,0,0,0,0,0,0,0,0,0,0,0,0,0,0,0,0,0,3,2,0,false
C:\PROJECTS\design-patterns-master\design-patterns-master\design-patterns\src\com\mkv\design\patterns\singleton\SingletonDesignPatternMain.java,com.mkv.design.patterns.singleton.SingletonDesignPatternMain,main/1[java.lang.String[]],false,7,3,4,0,4,1,5,10,0,4,1,5,0,0,0,0,0,0,0,0,4,0,0,0,0,0,12,9,0,false
C:\PROJECTS\design-patterns-master\design-patterns-master\design-patterns\src\com\mkv\design\patterns\factory\Drivable.java,com.mkv.design.patterns.factory.Drivable,drive/0,false,12,0,0,0,0,1,0,1,0,0,0,0,0,0,0,0,0,0,0,0,0,0,0,0,0,0,1,1,0,false
C:\PROJECTS\design-patterns-master\design-patterns-master\design-patterns\src\com\mkv\design\patterns\factory\StaticFactoryMethod.java,com.mkv.design.patterns.factory.MyClass,"MyClass/2[int,int]",true,36,0,2,2,0,1,0,4,0,0,2,0,0,0,0,0,0,0,0,0,2,0,0,0,0,0,4,1,0,false
C:\PROJECTS\design-patterns-master\design-patterns-master\design-patterns\src\com\mkv\design\patterns\factory\StaticFactoryMethod.java,com.mkv.design.patterns.factory.MyClass,"getInstance/2[int,int]",false,41,1,2,1,1,1,0,3,1,0,2,0,0,0,0,0,0,0,0,0,0,0,0,0,0,0,5,9,0,false
C:\PROJECTS\design-patterns-master\design-patterns-master\design-patterns\src\com\mkv\design\patterns\singleton\BillPughSingleton.java,com.mkv.design.patterns.singleton.BillPughSingleton,BillPughSingleton/0,true,5,0,0,0,0,1,0,2,0,0,0,0,0,0,0,0,0,0,0,0,0,0,0,0,0,0,3,2,0,false
C:\PROJECTS\design-patterns-master\design-patterns-master\design-patterns\src\com\mkv\design\patterns\singleton\BillPughSingleton.java,com.mkv.design.patterns.singleton.BillPughSingleton,getInstance/0,false,11,1,1,1,0,1,0,3,1,0,0,0,0,0,0,0,0,0,0,0,0,0,0,0,0,0,5,9,0,false
C:\PROJECTS\design-patterns-master\design-patterns-master\design-patterns\src\com\mkv\design\patterns\factory\FactoryDesignPattern.java,com.mkv.design.patterns.factory.FactoryDesignPattern,main/1[java.lang.String[]],false,5,3,3,0,3,1,2,5,0,2,1,2,0,0,0,0,0,0,1,0,2,0,0,0,0,0,11,9,0,false
C:\PROJECTS\design-patterns-master\design-patterns-master\design-patterns\src\com\mkv\design\patterns\factory\LoggerCreator.java,com.mkv.design.patterns.factory.LoggerCreator,getLogger/0,false,7,2,2,1,1,1,1,4,1,1,0,1,1,1,0,0,0,0,0,0,1,0,0,0,0,0,5,1,0,false
C:\PROJECTS\design-patterns-master\design-patterns-master\design-patterns\src\com\mkv\design\patterns\factory\LoggerCreator.java,com.mkv.design.patterns.factory.LoggerCreator,createLogger/0,false,5,1,1,1,0,1,0,1,0,0,0,0,0,0,0,0,0,0,0,0,0,0,0,0,0,0,3,1025,0,false
C:\PROJECTS\design-patterns-master\design-patterns-master\design-patterns\src\com\mkv\design\patterns\singleton\LazyInitializationSingleton.java,com.mkv.design.patterns.singleton.LazyInitializationSingleton,getInstance/0,false,9,1,2,1,1,2,0,6,1,0,0,0,0,0,0,1,0,0,0,0,1,0,1,0,0,0,7,9,0,false
C:\PROJECTS\design-patterns-master\design-patterns-master\design-patterns\src\com\mkv\design\patterns\singleton\LazyInitializationSingleton.java,com.mkv.design.patterns.singleton.LazyInitializationSingleton,getInstanceDoubleLocking/0,false,16,1,2,1,1,3,0,10,1,0,0,0,0,0,0,2,0,0,0,0,1,0,3,0,0,0,9,9,0,false
C:\PROJECTS\design-patterns-master\design-patterns-master\design-patterns\src\com\mkv\design\patterns\singleton\LazyInitializationSingleton.java,com.mkv.design.patterns.singleton.LazyInitializationSingleton,LazyInitializationSingleton/0,true,7,0,2,2,0,1,0,2,0,0,0,0,0,0,0,0,0,0,0,0,0,0,0,0,0,0,3,2,0,false
C:\PROJECTS\design-patterns-master\design-patterns-master\design-patterns\src\com\mkv\design\patterns\factory\SimpleFactory.java,com.mkv.design.patterns.factory.SimpleFactory,main/1[java.lang.String[]],false,11,2,2,0,2,1,2,7,0,3,1,2,0,0,0,0,0,0,0,0,3,0,0,0,0,0,8,9,0,false
C:\PROJECTS\design-patterns-master\design-patterns-master\design-patterns\src\com\mkv\design\patterns\factory\FileLoggerCreater.java,com.mkv.design.patterns.factory.FileLoggerCreater,createLogger/0,false,12,2,1,0,1,1,0,3,1,0,0,0,0,0,0,0,0,0,0,0,0,0,0,0,0,0,5,1,0,false
C:\PROJECTS\design-patterns-master\design-patterns-master\design-patterns\src\com\mkv\design\patterns\factory\SimpleFactory.java,com.mkv.design.patterns.factory.Mustang,drive/0,false,25,0,0,0,0,1,1,3,0,0,0,1,0,0,0,0,0,0,1,0,0,0,0,0,0,0,1,1,0,false
C:\PROJECTS\design-patterns-master\design-patterns-master\design-patterns\src\com\mkv\design\patterns\factory\SimpleFactory.java,com.mkv.design.patterns.factory.Ferrari,drive/0,false,35,0,0,0,0,1,1,3,0,0,0,1,0,0,0,0,0,0,1,0,0,0,0,0,0,0,1,1,0,false
C:\PROJECTS\design-patterns-master\design-patterns-master\design-patterns\src\com\mkv\design\patterns\factory\StaticFactoryMethod.java,com.mkv.design.patterns.factory.StaticFactoryMethod,main/1[java.lang.String[]],false,21,1,2,0,2,1,2,6,0,2,1,2,0,0,0,0,0,0,0,4,2,0,0,0,0,0,6,9,0,false
C:\PROJECTS\design-patterns-master\design-patterns-master\design-patterns\src\com\mkv\design\patterns\factory\ILogger.java,com.mkv.design.patterns.factory.ILogger,log/1[java.lang.String],false,5,0,1,1,0,1,0,1,0,0,1,0,0,0,0,0,0,0,0,0,0,0,0,0,0,0,2,1,0,false
