file,class,method,variable,usage
C:\PROJECTS\design-patterns-master\design-patterns-master\design-patterns\src\com\mkv\design\patterns\factory\FileLoggerImpl.java,com.mkv.design.patterns.factory.FileLoggerImpl,log/1[java.lang.String],message,0
C:\PROJECTS\design-patterns-master\design-patterns-master\design-patterns\src\com\mkv\design\patterns\factory\SimpleFactory.java,com.mkv.design.patterns.factory.CarFactory,getCarInstance/1[com.mkv.design.patterns.factory.Car],car,1
C:\PROJECTS\design-patterns-master\design-patterns-master\design-patterns\src\com\mkv\design\patterns\singleton\SingletonDesignPatternMain.java,com.mkv.design.patterns.singleton.SingletonDesignPatternMain,main/1[java.lang.String[]],args,0
C:\PROJECTS\design-patterns-master\design-patterns-master\design-patterns\src\com\mkv\design\patterns\singleton\SingletonDesignPatternMain.java,com.mkv.design.patterns.singleton.SingletonDesignPatternMain,main/1[java.lang.String[]],lazySingleton,1
C:\PROJECTS\design-patterns-master\design-patterns-master\design-patterns\src\com\mkv\design\patterns\singleton\SingletonDesignPatternMain.java,com.mkv.design.patterns.singleton.SingletonDesignPatternMain,main/1[java.lang.String[]],singleton,1
C:\PROJECTS\design-patterns-master\design-patterns-master\design-patterns\src\com\mkv\design\patterns\singleton\SingletonDesignPatternMain.java,com.mkv.design.patterns.singleton.SingletonDesignPatternMain,main/1[java.lang.String[]],earlySingleton,1
C:\PROJECTS\design-patterns-master\design-patterns-master\design-patterns\src\com\mkv\design\patterns\singleton\SingletonDesignPatternMain.java,com.mkv.design.patterns.singleton.SingletonDesignPatternMain,main/1[java.lang.String[]],lazyLockSingleton,1
C:\PROJECTS\design-patterns-master\design-patterns-master\design-patterns\src\com\mkv\design\patterns\factory\StaticFactoryMethod.java,com.mkv.design.patterns.factory.MyClass,"MyClass/2[int,int]",a,2
C:\PROJECTS\design-patterns-master\design-patterns-master\design-patterns\src\com\mkv\design\patterns\factory\StaticFactoryMethod.java,com.mkv.design.patterns.factory.MyClass,"MyClass/2[int,int]",b,2
C:\PROJECTS\design-patterns-master\design-patterns-master\design-patterns\src\com\mkv\design\patterns\factory\StaticFactoryMethod.java,com.mkv.design.patterns.factory.MyClass,"getInstance/2[int,int]",a,1
C:\PROJECTS\design-patterns-master\design-patterns-master\design-patterns\src\com\mkv\design\patterns\factory\StaticFactoryMethod.java,com.mkv.design.patterns.factory.MyClass,"getInstance/2[int,int]",b,1
C:\PROJECTS\design-patterns-master\design-patterns-master\design-patterns\src\com\mkv\design\patterns\factory\FactoryDesignPattern.java,com.mkv.design.patterns.factory.FactoryDesignPattern,main/1[java.lang.String[]],args,0
C:\PROJECTS\design-patterns-master\design-patterns-master\design-patterns\src\com\mkv\design\patterns\factory\FactoryDesignPattern.java,com.mkv.design.patterns.factory.FactoryDesignPattern,main/1[java.lang.String[]],creator,1
C:\PROJECTS\design-patterns-master\design-patterns-master\design-patterns\src\com\mkv\design\patterns\factory\FactoryDesignPattern.java,com.mkv.design.patterns.factory.FactoryDesignPattern,main/1[java.lang.String[]],logger,1
C:\PROJECTS\design-patterns-master\design-patterns-master\design-patterns\src\com\mkv\design\patterns\factory\LoggerCreator.java,com.mkv.design.patterns.factory.LoggerCreator,getLogger/0,iLogger,1
C:\PROJECTS\design-patterns-master\design-patterns-master\design-patterns\src\com\mkv\design\patterns\factory\SimpleFactory.java,com.mkv.design.patterns.factory.SimpleFactory,main/1[java.lang.String[]],args,0
C:\PROJECTS\design-patterns-master\design-patterns-master\design-patterns\src\com\mkv\design\patterns\factory\SimpleFactory.java,com.mkv.design.patterns.factory.SimpleFactory,main/1[java.lang.String[]],car2,1
C:\PROJECTS\design-patterns-master\design-patterns-master\design-patterns\src\com\mkv\design\patterns\factory\SimpleFactory.java,com.mkv.design.patterns.factory.SimpleFactory,main/1[java.lang.String[]],factory,2
C:\PROJECTS\design-patterns-master\design-patterns-master\design-patterns\src\com\mkv\design\patterns\factory\SimpleFactory.java,com.mkv.design.patterns.factory.SimpleFactory,main/1[java.lang.String[]],car1,1
C:\PROJECTS\design-patterns-master\design-patterns-master\design-patterns\src\com\mkv\design\patterns\factory\StaticFactoryMethod.java,com.mkv.design.patterns.factory.StaticFactoryMethod,main/1[java.lang.String[]],args,0
C:\PROJECTS\design-patterns-master\design-patterns-master\design-patterns\src\com\mkv\design\patterns\factory\StaticFactoryMethod.java,com.mkv.design.patterns.factory.StaticFactoryMethod,main/1[java.lang.String[]],myclass1,1
C:\PROJECTS\design-patterns-master\design-patterns-master\design-patterns\src\com\mkv\design\patterns\factory\StaticFactoryMethod.java,com.mkv.design.patterns.factory.StaticFactoryMethod,main/1[java.lang.String[]],myclass2,1
C:\PROJECTS\design-patterns-master\design-patterns-master\design-patterns\src\com\mkv\design\patterns\factory\ILogger.java,com.mkv.design.patterns.factory.ILogger,log/1[java.lang.String],message,0
