file,class,method,variable,usage
C:\PROJECTS\Object-Oriented-Design-main\Object-Oriented-Design-main\src\pl\agh\edu\dp\labirynth\Maze.java,pl.agh.edu.dp.labirynth.Maze,Maze/0,rooms,1
C:\PROJECTS\Object-Oriented-Design-main\Object-Oriented-Design-main\src\pl\agh\edu\dp\labirynth\Maze.java,pl.agh.edu.dp.labirynth.Maze,setRooms/1[java.util.Vector<pl.agh.edu.dp.labirynth.MapSiteObjects.Room>],rooms,3
C:\PROJECTS\Object-Oriented-Design-main\Object-Oriented-Design-main\src\pl\agh\edu\dp\labirynth\Maze.java,pl.agh.edu.dp.labirynth.Maze,getLastRoom/0,rooms,1
C:\PROJECTS\Object-Oriented-Design-main\Object-Oriented-Design-main\src\pl\agh\edu\dp\labirynth\Maze.java,pl.agh.edu.dp.labirynth.Maze,addRoom/1[pl.agh.edu.dp.labirynth.MapSiteObjects.Room],rooms,1
C:\PROJECTS\Object-Oriented-Design-main\Object-Oriented-Design-main\src\pl\agh\edu\dp\labirynth\Maze.java,pl.agh.edu.dp.labirynth.Maze,getRoomNumbers/0,rooms,1
C:\PROJECTS\Object-Oriented-Design-main\Object-Oriented-Design-main\src\pl\agh\edu\dp\labirynth\Maze.java,pl.agh.edu.dp.labirynth.Maze,getFirstRoom/0,rooms,1
C:\PROJECTS\Object-Oriented-Design-main\Object-Oriented-Design-main\src\pl\agh\edu\dp\builder\CountingMazeBuilder.java,pl.agh.edu.dp.builder.CountingMazeBuilder,"connectRooms/4[pl.agh.edu.dp.labirynth.MapSiteObjects.Room,pl.agh.edu.dp.labirynth.MapSiteObjects.Room,pl.agh.edu.dp.labirynth.MapSite,pl.agh.edu.dp.labirynth.Direction]",wallCount,1
C:\PROJECTS\Object-Oriented-Design-main\Object-Oriented-Design-main\src\pl\agh\edu\dp\builder\CountingMazeBuilder.java,pl.agh.edu.dp.builder.CountingMazeBuilder,addRoom/1[pl.agh.edu.dp.labirynth.MapSiteObjects.Room],roomCount,1
C:\PROJECTS\Object-Oriented-Design-main\Object-Oriented-Design-main\src\pl\agh\edu\dp\builder\CountingMazeBuilder.java,pl.agh.edu.dp.builder.CountingMazeBuilder,addRoom/1[pl.agh.edu.dp.labirynth.MapSiteObjects.Room],wallCount,1
C:\PROJECTS\Object-Oriented-Design-main\Object-Oriented-Design-main\src\pl\agh\edu\dp\builder\CountingMazeBuilder.java,pl.agh.edu.dp.builder.CountingMazeBuilder,CountingMazeBuilder/0,roomCount,1
C:\PROJECTS\Object-Oriented-Design-main\Object-Oriented-Design-main\src\pl\agh\edu\dp\builder\CountingMazeBuilder.java,pl.agh.edu.dp.builder.CountingMazeBuilder,CountingMazeBuilder/0,wallCount,1
C:\PROJECTS\Object-Oriented-Design-main\Object-Oriented-Design-main\src\pl\agh\edu\dp\builder\CountingMazeBuilder.java,pl.agh.edu.dp.builder.CountingMazeBuilder,CountingMazeBuilder/0,doorCount,1
C:\PROJECTS\Object-Oriented-Design-main\Object-Oriented-Design-main\src\pl\agh\edu\dp\builder\CountingMazeBuilder.java,pl.agh.edu.dp.builder.CountingMazeBuilder,addDoor/1[pl.agh.edu.dp.labirynth.MapSiteObjects.Door],wallCount,1
C:\PROJECTS\Object-Oriented-Design-main\Object-Oriented-Design-main\src\pl\agh\edu\dp\builder\CountingMazeBuilder.java,pl.agh.edu.dp.builder.CountingMazeBuilder,addDoor/1[pl.agh.edu.dp.labirynth.MapSiteObjects.Door],doorCount,1
C:\PROJECTS\Object-Oriented-Design-main\Object-Oriented-Design-main\src\pl\agh\edu\dp\builder\CountingMazeBuilder.java,pl.agh.edu.dp.builder.CountingMazeBuilder,getCounts/0,roomCount,1
C:\PROJECTS\Object-Oriented-Design-main\Object-Oriented-Design-main\src\pl\agh\edu\dp\builder\CountingMazeBuilder.java,pl.agh.edu.dp.builder.CountingMazeBuilder,getCounts/0,wallCount,1
C:\PROJECTS\Object-Oriented-Design-main\Object-Oriented-Design-main\src\pl\agh\edu\dp\builder\CountingMazeBuilder.java,pl.agh.edu.dp.builder.CountingMazeBuilder,getCounts/0,doorCount,1
C:\PROJECTS\Object-Oriented-Design-main\Object-Oriented-Design-main\src\pl\agh\edu\dp\factory\BombedMazeFactory.java,pl.agh.edu.dp.factory.BombedMazeFactory,getInstance/0,instance,3
C:\PROJECTS\Object-Oriented-Design-main\Object-Oriented-Design-main\src\pl\agh\edu\dp\labirynth\InitGame.java,pl.agh.edu.dp.labirynth.InitGame,startGame/0,player,2
C:\PROJECTS\Object-Oriented-Design-main\Object-Oriented-Design-main\src\pl\agh\edu\dp\labirynth\InitGame.java,pl.agh.edu.dp.labirynth.InitGame,"InitGame/2[pl.agh.edu.dp.labirynth.Maze,pl.agh.edu.dp.labirynth.Player]",maze,4
C:\PROJECTS\Object-Oriented-Design-main\Object-Oriented-Design-main\src\pl\agh\edu\dp\labirynth\InitGame.java,pl.agh.edu.dp.labirynth.InitGame,"InitGame/2[pl.agh.edu.dp.labirynth.Maze,pl.agh.edu.dp.labirynth.Player]",player,4
C:\PROJECTS\Object-Oriented-Design-main\Object-Oriented-Design-main\src\pl\agh\edu\dp\labirynth\InitGame.java,pl.agh.edu.dp.labirynth.InitGame,move/1[char],maze,1
C:\PROJECTS\Object-Oriented-Design-main\Object-Oriented-Design-main\src\pl\agh\edu\dp\labirynth\InitGame.java,pl.agh.edu.dp.labirynth.InitGame,move/1[char],player,6
C:\PROJECTS\Object-Oriented-Design-main\Object-Oriented-Design-main\src\pl\agh\edu\dp\builder\StandardBuilderMaze.java,pl.agh.edu.dp.builder.StandardBuilderMaze,getCurrentMaze/0,currentMaze,1
C:\PROJECTS\Object-Oriented-Design-main\Object-Oriented-Design-main\src\pl\agh\edu\dp\builder\StandardBuilderMaze.java,pl.agh.edu.dp.builder.StandardBuilderMaze,StandardBuilderMaze/0,currentMaze,1
C:\PROJECTS\Object-Oriented-Design-main\Object-Oriented-Design-main\src\pl\agh\edu\dp\builder\StandardBuilderMaze.java,pl.agh.edu.dp.builder.StandardBuilderMaze,addRoom/1[pl.agh.edu.dp.labirynth.MapSiteObjects.Room],currentMaze,1
C:\PROJECTS\Object-Oriented-Design-main\Object-Oriented-Design-main\src\pl\agh\edu\dp\labirynth\MapSiteObjects\Door.java,pl.agh.edu.dp.labirynth.MapSiteObjects.Door,getRoom1/0,room1,1
C:\PROJECTS\Object-Oriented-Design-main\Object-Oriented-Design-main\src\pl\agh\edu\dp\labirynth\MapSiteObjects\Door.java,pl.agh.edu.dp.labirynth.MapSiteObjects.Door,setRoom1/1[pl.agh.edu.dp.labirynth.MapSiteObjects.Room],room1,3
C:\PROJECTS\Object-Oriented-Design-main\Object-Oriented-Design-main\src\pl\agh\edu\dp\labirynth\MapSiteObjects\Door.java,pl.agh.edu.dp.labirynth.MapSiteObjects.Door,Enter/1[pl.agh.edu.dp.labirynth.Player],room1,2
C:\PROJECTS\Object-Oriented-Design-main\Object-Oriented-Design-main\src\pl\agh\edu\dp\labirynth\MapSiteObjects\Door.java,pl.agh.edu.dp.labirynth.MapSiteObjects.Door,Enter/1[pl.agh.edu.dp.labirynth.Player],room2,1
C:\PROJECTS\Object-Oriented-Design-main\Object-Oriented-Design-main\src\pl\agh\edu\dp\labirynth\MapSiteObjects\Door.java,pl.agh.edu.dp.labirynth.MapSiteObjects.Door,getRoom2/0,room2,1
C:\PROJECTS\Object-Oriented-Design-main\Object-Oriented-Design-main\src\pl\agh\edu\dp\labirynth\MapSiteObjects\Door.java,pl.agh.edu.dp.labirynth.MapSiteObjects.Door,setRoom2/1[pl.agh.edu.dp.labirynth.MapSiteObjects.Room],room1,1
C:\PROJECTS\Object-Oriented-Design-main\Object-Oriented-Design-main\src\pl\agh\edu\dp\labirynth\MapSiteObjects\Door.java,pl.agh.edu.dp.labirynth.MapSiteObjects.Door,setRoom2/1[pl.agh.edu.dp.labirynth.MapSiteObjects.Room],room2,2
C:\PROJECTS\Object-Oriented-Design-main\Object-Oriented-Design-main\src\pl\agh\edu\dp\labirynth\MapSiteObjects\Door.java,pl.agh.edu.dp.labirynth.MapSiteObjects.Door,"Door/2[pl.agh.edu.dp.labirynth.MapSiteObjects.Room,pl.agh.edu.dp.labirynth.MapSiteObjects.Room]",room1,1
C:\PROJECTS\Object-Oriented-Design-main\Object-Oriented-Design-main\src\pl\agh\edu\dp\labirynth\MapSiteObjects\Door.java,pl.agh.edu.dp.labirynth.MapSiteObjects.Door,"Door/2[pl.agh.edu.dp.labirynth.MapSiteObjects.Room,pl.agh.edu.dp.labirynth.MapSiteObjects.Room]",room2,1
C:\PROJECTS\Object-Oriented-Design-main\Object-Oriented-Design-main\src\pl\agh\edu\dp\labirynth\MapSiteObjects\Room.java,pl.agh.edu.dp.labirynth.MapSiteObjects.Room,Enter/1[pl.agh.edu.dp.labirynth.Player],roomNumber,1
C:\PROJECTS\Object-Oriented-Design-main\Object-Oriented-Design-main\src\pl\agh\edu\dp\labirynth\MapSiteObjects\Room.java,pl.agh.edu.dp.labirynth.MapSiteObjects.Room,getSide/1[pl.agh.edu.dp.labirynth.Direction],sides,1
C:\PROJECTS\Object-Oriented-Design-main\Object-Oriented-Design-main\src\pl\agh\edu\dp\labirynth\MapSiteObjects\Room.java,pl.agh.edu.dp.labirynth.MapSiteObjects.Room,"setSide/2[pl.agh.edu.dp.labirynth.Direction,pl.agh.edu.dp.labirynth.MapSite]",sides,1
C:\PROJECTS\Object-Oriented-Design-main\Object-Oriented-Design-main\src\pl\agh\edu\dp\labirynth\MapSiteObjects\Room.java,pl.agh.edu.dp.labirynth.MapSiteObjects.Room,Room/1[int],roomNumber,1
C:\PROJECTS\Object-Oriented-Design-main\Object-Oriented-Design-main\src\pl\agh\edu\dp\labirynth\MapSiteObjects\Room.java,pl.agh.edu.dp.labirynth.MapSiteObjects.Room,Room/1[int],sides,1
C:\PROJECTS\Object-Oriented-Design-main\Object-Oriented-Design-main\src\pl\agh\edu\dp\labirynth\MapSiteObjects\Room.java,pl.agh.edu.dp.labirynth.MapSiteObjects.Room,getRoomNumber/0,roomNumber,1
C:\PROJECTS\Object-Oriented-Design-main\Object-Oriented-Design-main\src\pl\agh\edu\dp\labirynth\Direction.java,pl.agh.edu.dp.labirynth.Direction,oppositeDir/1[pl.agh.edu.dp.labirynth.Direction],West,2
C:\PROJECTS\Object-Oriented-Design-main\Object-Oriented-Design-main\src\pl\agh\edu\dp\labirynth\Direction.java,pl.agh.edu.dp.labirynth.Direction,oppositeDir/1[pl.agh.edu.dp.labirynth.Direction],South,2
C:\PROJECTS\Object-Oriented-Design-main\Object-Oriented-Design-main\src\pl\agh\edu\dp\labirynth\Direction.java,pl.agh.edu.dp.labirynth.Direction,oppositeDir/1[pl.agh.edu.dp.labirynth.Direction],North,2
C:\PROJECTS\Object-Oriented-Design-main\Object-Oriented-Design-main\src\pl\agh\edu\dp\labirynth\Direction.java,pl.agh.edu.dp.labirynth.Direction,oppositeDir/1[pl.agh.edu.dp.labirynth.Direction],East,2
C:\PROJECTS\Object-Oriented-Design-main\Object-Oriented-Design-main\src\pl\agh\edu\dp\factory\EnchantedMazeFactory.java,pl.agh.edu.dp.factory.EnchantedMazeFactory,getInstance/0,instance,3
C:\PROJECTS\Object-Oriented-Design-main\Object-Oriented-Design-main\src\pl\agh\edu\dp\labirynth\Player.java,pl.agh.edu.dp.labirynth.Player,moveL/0,currRoom,1
C:\PROJECTS\Object-Oriented-Design-main\Object-Oriented-Design-main\src\pl\agh\edu\dp\labirynth\Player.java,pl.agh.edu.dp.labirynth.Player,damage/1[int],health,4
C:\PROJECTS\Object-Oriented-Design-main\Object-Oriented-Design-main\src\pl\agh\edu\dp\labirynth\Player.java,pl.agh.edu.dp.labirynth.Player,setCurrRoom/1[pl.agh.edu.dp.labirynth.MapSiteObjects.Room],currRoom,1
C:\PROJECTS\Object-Oriented-Design-main\Object-Oriented-Design-main\src\pl\agh\edu\dp\labirynth\Player.java,pl.agh.edu.dp.labirynth.Player,moveB/0,currRoom,1
C:\PROJECTS\Object-Oriented-Design-main\Object-Oriented-Design-main\src\pl\agh\edu\dp\labirynth\Player.java,pl.agh.edu.dp.labirynth.Player,moveF/0,currRoom,1
C:\PROJECTS\Object-Oriented-Design-main\Object-Oriented-Design-main\src\pl\agh\edu\dp\labirynth\Player.java,pl.agh.edu.dp.labirynth.Player,moveR/0,currRoom,1
C:\PROJECTS\Object-Oriented-Design-main\Object-Oriented-Design-main\src\pl\agh\edu\dp\labirynth\Player.java,pl.agh.edu.dp.labirynth.Player,getCurrRoom/0,currRoom,1
C:\PROJECTS\Object-Oriented-Design-main\Object-Oriented-Design-main\src\pl\agh\edu\dp\labirynth\Player.java,pl.agh.edu.dp.labirynth.Player,getHealth/0,health,1
C:\PROJECTS\Object-Oriented-Design-main\Object-Oriented-Design-main\src\pl\agh\edu\dp\labirynth\Player.java,pl.agh.edu.dp.labirynth.Player,Player/1[int],health,1
