file,class,method,constructor,line,cbo,cboModified,fanin,fanout,wmc,rfc,loc,returnsQty,variablesQty,parametersQty,methodsInvokedQty,methodsInvokedLocalQty,methodsInvokedIndirectLocalQty,loopQty,comparisonsQty,tryCatchQty,parenthesizedExpsQty,stringLiteralsQty,numbersQty,assignmentsQty,mathOperationsQty,maxNestedBlocksQty,anonymousClassesQty,innerClassesQty,lambdasQty,uniqueWordsQty,modifiers,logStatementsQty,hasJavaDoc
C:\PROJECTS\Object-Oriented-Design-main\Object-Oriented-Design-main\src\pl\agh\edu\dp\labirynth\Maze.java,pl.agh.edu.dp.labirynth.Maze,Maze/0,true,8,1,1,1,0,1,0,3,0,0,0,0,0,0,0,0,0,0,0,0,1,0,0,0,0,0,1,1,0,false
C:\PROJECTS\Object-Oriented-Design-main\Object-Oriented-Design-main\src\pl\agh\edu\dp\labirynth\Maze.java,pl.agh.edu.dp.labirynth.Maze,setRooms/1[java.util.Vector<pl.agh.edu.dp.labirynth.MapSiteObjects.Room>],false,16,1,0,0,0,1,0,3,0,0,1,0,0,0,0,0,0,0,0,0,1,0,0,0,0,0,3,1,0,false
C:\PROJECTS\Object-Oriented-Design-main\Object-Oriented-Design-main\src\pl\agh\edu\dp\labirynth\Maze.java,pl.agh.edu.dp.labirynth.Maze,getLastRoom/0,false,28,1,1,1,0,1,1,3,1,0,0,1,0,0,0,0,0,0,0,0,0,0,0,0,0,0,3,1,0,false
C:\PROJECTS\Object-Oriented-Design-main\Object-Oriented-Design-main\src\pl\agh\edu\dp\labirynth\Maze.java,pl.agh.edu.dp.labirynth.Maze,addRoom/1[pl.agh.edu.dp.labirynth.MapSiteObjects.Room],false,12,1,1,1,0,1,1,3,0,0,1,1,0,0,0,0,0,0,0,0,0,0,0,0,0,0,3,1,0,false
C:\PROJECTS\Object-Oriented-Design-main\Object-Oriented-Design-main\src\pl\agh\edu\dp\labirynth\Maze.java,pl.agh.edu.dp.labirynth.Maze,getRoomNumbers/0,false,21,0,0,0,0,1,1,3,1,0,0,1,0,0,0,0,0,0,0,0,0,0,0,0,0,0,3,1,0,false
C:\PROJECTS\Object-Oriented-Design-main\Object-Oriented-Design-main\src\pl\agh\edu\dp\labirynth\Maze.java,pl.agh.edu.dp.labirynth.Maze,getFirstRoom/0,false,25,1,1,1,0,1,1,3,1,0,0,1,0,0,0,0,0,0,0,0,0,0,0,0,0,0,3,1,0,false
C:\PROJECTS\Object-Oriented-Design-main\Object-Oriented-Design-main\src\pl\agh\edu\dp\labirynth\MapSiteObjects\BombedRoom.java,pl.agh.edu.dp.labirynth.MapSiteObjects.BombedRoom,initWalls/0,false,18,2,3,1,2,1,1,6,0,0,0,1,0,0,0,0,0,0,0,0,0,0,0,0,0,0,4,1,0,false
C:\PROJECTS\Object-Oriented-Design-main\Object-Oriented-Design-main\src\pl\agh\edu\dp\labirynth\MapSiteObjects\BombedRoom.java,pl.agh.edu.dp.labirynth.MapSiteObjects.BombedRoom,Enter/1[pl.agh.edu.dp.labirynth.Player],false,13,1,1,0,1,1,2,4,0,0,1,2,0,0,0,0,0,0,0,1,0,0,0,0,0,0,3,1,0,false
C:\PROJECTS\Object-Oriented-Design-main\Object-Oriented-Design-main\src\pl\agh\edu\dp\labirynth\MapSiteObjects\BombedRoom.java,pl.agh.edu.dp.labirynth.MapSiteObjects.BombedRoom,BombedRoom/1[int],true,7,1,2,1,1,1,1,4,0,0,1,1,1,1,0,0,0,0,0,0,0,0,0,0,0,0,5,1,0,false
C:\PROJECTS\Object-Oriented-Design-main\Object-Oriented-Design-main\src\pl\agh\edu\dp\labirynth\MapSiteObjects\EnchantedWall.java,pl.agh.edu.dp.labirynth.MapSiteObjects.EnchantedWall,Enter/1[pl.agh.edu.dp.labirynth.Player],false,11,1,0,0,0,1,1,3,0,0,1,1,0,0,0,0,0,0,1,0,0,0,0,0,0,0,8,1,0,false
C:\PROJECTS\Object-Oriented-Design-main\Object-Oriented-Design-main\src\pl\agh\edu\dp\labirynth\MapSiteObjects\EnchantedWall.java,pl.agh.edu.dp.labirynth.MapSiteObjects.EnchantedWall,EnchantedWall/0,true,6,0,2,2,0,1,0,3,0,0,0,0,0,0,0,0,0,0,0,0,0,0,0,0,0,0,2,1,0,false
C:\PROJECTS\Object-Oriented-Design-main\Object-Oriented-Design-main\src\pl\agh\edu\dp\builder\MazeBuilder.java,pl.agh.edu.dp.builder.MazeBuilder,addRoom/1[pl.agh.edu.dp.labirynth.MapSiteObjects.Room],false,9,1,1,1,0,1,0,1,0,0,1,0,0,0,0,0,0,0,0,0,0,0,0,0,0,0,3,0,0,false
C:\PROJECTS\Object-Oriented-Design-main\Object-Oriented-Design-main\src\pl\agh\edu\dp\builder\MazeBuilder.java,pl.agh.edu.dp.builder.MazeBuilder,addDoor/1[pl.agh.edu.dp.labirynth.MapSiteObjects.Door],false,10,1,1,1,0,1,0,1,0,0,1,0,0,0,0,0,0,0,0,0,0,0,0,0,0,0,3,0,0,false
C:\PROJECTS\Object-Oriented-Design-main\Object-Oriented-Design-main\src\pl\agh\edu\dp\builder\MazeBuilder.java,pl.agh.edu.dp.builder.MazeBuilder,"connectRooms/4[pl.agh.edu.dp.labirynth.MapSiteObjects.Room,pl.agh.edu.dp.labirynth.MapSiteObjects.Room,pl.agh.edu.dp.labirynth.MapSite,pl.agh.edu.dp.labirynth.Direction]",false,11,3,1,1,0,1,0,1,0,0,4,0,0,0,0,0,0,0,0,0,0,0,0,0,0,0,4,0,0,false
C:\PROJECTS\Object-Oriented-Design-main\Object-Oriented-Design-main\src\pl\agh\edu\dp\labirynth\MapSiteObjects\Wall.java,pl.agh.edu.dp.labirynth.MapSiteObjects.Wall,Enter/1[pl.agh.edu.dp.labirynth.Player],false,11,1,0,0,0,1,1,3,0,0,1,1,0,0,0,0,0,0,1,0,0,0,0,0,0,0,6,1,0,false
C:\PROJECTS\Object-Oriented-Design-main\Object-Oriented-Design-main\src\pl\agh\edu\dp\labirynth\MapSiteObjects\Wall.java,pl.agh.edu.dp.labirynth.MapSiteObjects.Wall,toString/0,false,16,0,0,0,0,1,0,3,1,0,0,0,0,0,0,0,0,0,1,0,0,0,0,0,0,0,2,1,0,false
C:\PROJECTS\Object-Oriented-Design-main\Object-Oriented-Design-main\src\pl\agh\edu\dp\labirynth\MapSiteObjects\Wall.java,pl.agh.edu.dp.labirynth.MapSiteObjects.Wall,Wall/0,true,8,0,1,1,0,1,0,2,0,0,0,0,0,0,0,0,0,0,0,0,0,0,0,0,0,0,1,1,0,false
C:\PROJECTS\Object-Oriented-Design-main\Object-Oriented-Design-main\src\pl\agh\edu\dp\builder\CountingMazeBuilder.java,pl.agh.edu.dp.builder.CountingMazeBuilder,"connectRooms/4[pl.agh.edu.dp.labirynth.MapSiteObjects.Room,pl.agh.edu.dp.labirynth.MapSiteObjects.Room,pl.agh.edu.dp.labirynth.MapSite,pl.agh.edu.dp.labirynth.Direction]",false,35,3,0,0,0,1,0,3,0,0,4,0,0,0,0,0,0,0,0,1,1,0,0,0,0,0,4,1,0,false
C:\PROJECTS\Object-Oriented-Design-main\Object-Oriented-Design-main\src\pl\agh\edu\dp\builder\CountingMazeBuilder.java,pl.agh.edu.dp.builder.CountingMazeBuilder,addRoom/1[pl.agh.edu.dp.labirynth.MapSiteObjects.Room],false,21,1,0,0,0,1,0,4,0,0,1,0,0,0,0,0,0,0,0,2,2,0,0,0,0,0,3,1,0,false
C:\PROJECTS\Object-Oriented-Design-main\Object-Oriented-Design-main\src\pl\agh\edu\dp\builder\CountingMazeBuilder.java,pl.agh.edu.dp.builder.CountingMazeBuilder,CountingMazeBuilder/0,true,11,0,0,0,0,1,0,5,0,0,0,0,0,0,0,0,0,0,0,3,3,0,0,0,0,0,3,1,0,false
C:\PROJECTS\Object-Oriented-Design-main\Object-Oriented-Design-main\src\pl\agh\edu\dp\builder\CountingMazeBuilder.java,pl.agh.edu.dp.builder.CountingMazeBuilder,addDoor/1[pl.agh.edu.dp.labirynth.MapSiteObjects.Door],false,28,1,0,0,0,1,0,4,0,0,1,0,0,0,0,0,0,0,0,2,2,0,0,0,0,0,3,1,0,false
C:\PROJECTS\Object-Oriented-Design-main\Object-Oriented-Design-main\src\pl\agh\edu\dp\builder\CountingMazeBuilder.java,pl.agh.edu.dp.builder.CountingMazeBuilder,getCounts/0,false,17,0,0,0,0,1,0,3,1,0,0,0,0,0,0,0,0,0,0,0,0,1,0,0,0,0,2,1,0,false
C:\PROJECTS\Object-Oriented-Design-main\Object-Oriented-Design-main\src\pl\agh\edu\dp\labirynth\MapSite.java,pl.agh.edu.dp.labirynth.MapSite,Enter/1[pl.agh.edu.dp.labirynth.Player],false,4,1,4,4,0,1,0,1,0,0,1,0,0,0,0,0,0,0,0,0,0,0,0,0,0,0,3,1025,0,false
C:\PROJECTS\Object-Oriented-Design-main\Object-Oriented-Design-main\src\pl\agh\edu\dp\factory\BombedMazeFactory.java,pl.agh.edu.dp.factory.BombedMazeFactory,"createDoor/2[pl.agh.edu.dp.labirynth.MapSiteObjects.Room,pl.agh.edu.dp.labirynth.MapSiteObjects.Room]",false,25,2,1,0,1,1,0,3,1,0,2,0,0,0,0,0,0,0,0,0,0,0,0,0,0,0,4,1,0,false
C:\PROJECTS\Object-Oriented-Design-main\Object-Oriented-Design-main\src\pl\agh\edu\dp\factory\BombedMazeFactory.java,pl.agh.edu.dp.factory.BombedMazeFactory,getInstance/0,false,9,1,3,2,1,2,0,6,1,0,0,0,0,0,0,1,0,0,0,0,1,0,1,0,0,0,7,9,0,false
C:\PROJECTS\Object-Oriented-Design-main\Object-Oriented-Design-main\src\pl\agh\edu\dp\factory\BombedMazeFactory.java,pl.agh.edu.dp.factory.BombedMazeFactory,createRoom/1[int],false,15,2,1,0,1,1,0,3,1,0,1,0,0,0,0,0,0,0,0,0,0,0,0,0,0,0,4,1,0,false
C:\PROJECTS\Object-Oriented-Design-main\Object-Oriented-Design-main\src\pl\agh\edu\dp\factory\BombedMazeFactory.java,pl.agh.edu.dp.factory.BombedMazeFactory,createWall/0,false,20,2,1,0,1,1,0,3,1,0,0,0,0,0,0,0,0,0,0,0,0,0,0,0,0,0,3,1,0,false
C:\PROJECTS\Object-Oriented-Design-main\Object-Oriented-Design-main\src\pl\agh\edu\dp\labirynth\InitGame.java,pl.agh.edu.dp.labirynth.InitGame,startGame/0,false,13,2,3,1,2,5,5,17,2,1,0,5,1,1,1,1,0,0,2,3,2,0,2,0,0,0,9,1,0,false
C:\PROJECTS\Object-Oriented-Design-main\Object-Oriented-Design-main\src\pl\agh\edu\dp\labirynth\InitGame.java,pl.agh.edu.dp.labirynth.InitGame,"InitGame/2[pl.agh.edu.dp.labirynth.Maze,pl.agh.edu.dp.labirynth.Player]",true,7,2,3,1,2,1,2,5,0,0,2,2,0,0,0,0,0,0,0,0,2,0,0,0,0,0,5,1,0,false
C:\PROJECTS\Object-Oriented-Design-main\Object-Oriented-Design-main\src\pl\agh\edu\dp\labirynth\InitGame.java,pl.agh.edu.dp.labirynth.InitGame,move/1[char],false,31,2,8,1,7,7,8,21,4,0,1,8,0,0,0,1,0,0,0,5,0,0,1,0,0,0,2,1,0,false
C:\PROJECTS\Object-Oriented-Design-main\Object-Oriented-Design-main\src\pl\agh\edu\dp\builder\StandardBuilderMaze.java,pl.agh.edu.dp.builder.StandardBuilderMaze,"commonWall/2[pl.agh.edu.dp.labirynth.MapSiteObjects.Room,pl.agh.edu.dp.labirynth.MapSiteObjects.Room]",false,34,2,3,1,2,5,3,7,4,0,2,3,0,0,0,0,0,0,3,0,0,1,4,0,0,0,12,2,0,false
C:\PROJECTS\Object-Oriented-Design-main\Object-Oriented-Design-main\src\pl\agh\edu\dp\builder\StandardBuilderMaze.java,pl.agh.edu.dp.builder.StandardBuilderMaze,"connectRooms/4[pl.agh.edu.dp.labirynth.MapSiteObjects.Room,pl.agh.edu.dp.labirynth.MapSiteObjects.Room,pl.agh.edu.dp.labirynth.MapSite,pl.agh.edu.dp.labirynth.Direction]",false,25,3,3,1,2,2,2,5,0,0,4,2,0,0,0,0,0,0,1,0,0,0,1,0,0,0,13,1,0,false
C:\PROJECTS\Object-Oriented-Design-main\Object-Oriented-Design-main\src\pl\agh\edu\dp\builder\StandardBuilderMaze.java,pl.agh.edu.dp.builder.StandardBuilderMaze,addDoor/1[pl.agh.edu.dp.labirynth.MapSiteObjects.Door],false,15,4,4,0,4,1,4,6,0,3,1,4,2,1,0,0,0,0,0,0,3,0,0,0,0,0,12,1,0,false
C:\PROJECTS\Object-Oriented-Design-main\Object-Oriented-Design-main\src\pl\agh\edu\dp\builder\StandardBuilderMaze.java,pl.agh.edu.dp.builder.StandardBuilderMaze,getCurrentMaze/0,false,31,1,1,1,0,1,0,3,1,0,0,0,0,0,0,0,0,0,0,0,0,0,0,0,0,0,3,1,0,false
C:\PROJECTS\Object-Oriented-Design-main\Object-Oriented-Design-main\src\pl\agh\edu\dp\builder\StandardBuilderMaze.java,pl.agh.edu.dp.builder.StandardBuilderMaze,StandardBuilderMaze/0,true,8,1,2,1,1,1,0,3,0,0,0,0,0,0,0,0,0,0,0,0,1,0,0,0,0,0,3,1,0,false
C:\PROJECTS\Object-Oriented-Design-main\Object-Oriented-Design-main\src\pl\agh\edu\dp\builder\StandardBuilderMaze.java,pl.agh.edu.dp.builder.StandardBuilderMaze,addRoom/1[pl.agh.edu.dp.labirynth.MapSiteObjects.Room],false,13,2,1,0,1,1,1,3,0,0,1,1,0,0,0,0,0,0,0,0,0,0,0,0,0,0,3,1,0,false
C:\PROJECTS\Object-Oriented-Design-main\Object-Oriented-Design-main\src\pl\agh\edu\dp\labirynth\MapSiteObjects\BombedWall.java,pl.agh.edu.dp.labirynth.MapSiteObjects.BombedWall,BombedWall/0,true,6,0,2,2,0,1,0,3,0,0,0,0,0,0,0,0,0,0,0,0,0,0,0,0,0,0,2,1,0,false
C:\PROJECTS\Object-Oriented-Design-main\Object-Oriented-Design-main\src\pl\agh\edu\dp\labirynth\MapSiteObjects\BombedWall.java,pl.agh.edu.dp.labirynth.MapSiteObjects.BombedWall,Enter/1[pl.agh.edu.dp.labirynth.Player],false,11,1,1,0,1,1,2,4,0,0,1,2,0,0,0,0,0,0,1,1,0,0,0,0,0,0,8,1,0,false
C:\PROJECTS\Object-Oriented-Design-main\Object-Oriented-Design-main\src\pl\agh\edu\dp\labirynth\MapSiteObjects\EnchantedRoom.java,pl.agh.edu.dp.labirynth.MapSiteObjects.EnchantedRoom,initWalls/0,false,17,2,3,1,2,1,1,6,0,0,0,1,0,0,0,0,0,0,0,0,0,0,0,0,0,0,4,1,0,false
C:\PROJECTS\Object-Oriented-Design-main\Object-Oriented-Design-main\src\pl\agh\edu\dp\labirynth\MapSiteObjects\EnchantedRoom.java,pl.agh.edu.dp.labirynth.MapSiteObjects.EnchantedRoom,Enter/1[pl.agh.edu.dp.labirynth.Player],false,13,1,0,0,0,1,1,3,0,0,1,1,0,0,0,0,0,0,0,0,0,0,0,0,0,0,3,1,0,false
C:\PROJECTS\Object-Oriented-Design-main\Object-Oriented-Design-main\src\pl\agh\edu\dp\labirynth\MapSiteObjects\EnchantedRoom.java,pl.agh.edu.dp.labirynth.MapSiteObjects.EnchantedRoom,EnchantedRoom/1[int],true,7,1,2,1,1,1,1,4,0,0,1,1,1,1,0,0,0,0,0,0,0,0,0,0,0,0,5,1,0,false
C:\PROJECTS\Object-Oriented-Design-main\Object-Oriented-Design-main\src\pl\agh\edu\dp\labirynth\MapSiteObjects\Door.java,pl.agh.edu.dp.labirynth.MapSiteObjects.Door,getRoom1/0,false,23,1,1,1,0,1,0,3,1,0,0,0,0,0,0,0,0,0,0,0,0,0,0,0,0,0,4,1,0,false
C:\PROJECTS\Object-Oriented-Design-main\Object-Oriented-Design-main\src\pl\agh\edu\dp\labirynth\MapSiteObjects\Door.java,pl.agh.edu.dp.labirynth.MapSiteObjects.Door,setRoom1/1[pl.agh.edu.dp.labirynth.MapSiteObjects.Room],false,27,1,0,0,0,1,0,3,0,0,1,0,0,0,0,0,0,0,0,0,1,0,0,0,0,0,4,1,0,false
C:\PROJECTS\Object-Oriented-Design-main\Object-Oriented-Design-main\src\pl\agh\edu\dp\labirynth\MapSiteObjects\Door.java,pl.agh.edu.dp.labirynth.MapSiteObjects.Door,Enter/1[pl.agh.edu.dp.labirynth.Player],false,17,2,2,0,2,2,4,9,0,0,1,4,0,0,0,0,0,0,1,0,0,0,1,0,0,0,6,1,0,false
C:\PROJECTS\Object-Oriented-Design-main\Object-Oriented-Design-main\src\pl\agh\edu\dp\labirynth\MapSiteObjects\Door.java,pl.agh.edu.dp.labirynth.MapSiteObjects.Door,getRoom2/0,false,31,1,1,1,0,1,0,3,1,0,0,0,0,0,0,0,0,0,0,0,0,0,0,0,0,0,4,1,0,false
C:\PROJECTS\Object-Oriented-Design-main\Object-Oriented-Design-main\src\pl\agh\edu\dp\labirynth\MapSiteObjects\Door.java,pl.agh.edu.dp.labirynth.MapSiteObjects.Door,setRoom2/1[pl.agh.edu.dp.labirynth.MapSiteObjects.Room],false,35,1,0,0,0,1,0,3,0,0,1,0,0,0,0,0,0,0,0,0,1,0,0,0,0,0,4,1,0,false
C:\PROJECTS\Object-Oriented-Design-main\Object-Oriented-Design-main\src\pl\agh\edu\dp\labirynth\MapSiteObjects\Door.java,pl.agh.edu.dp.labirynth.MapSiteObjects.Door,"Door/2[pl.agh.edu.dp.labirynth.MapSiteObjects.Room,pl.agh.edu.dp.labirynth.MapSiteObjects.Room]",true,10,1,1,1,0,1,0,4,0,0,2,0,0,0,0,0,0,0,0,0,2,0,0,0,0,0,4,1,0,false
C:\PROJECTS\Object-Oriented-Design-main\Object-Oriented-Design-main\src\pl\agh\edu\dp\labirynth\MapSiteObjects\Door.java,pl.agh.edu.dp.labirynth.MapSiteObjects.Door,toString/0,false,40,0,0,0,0,1,0,3,1,0,0,0,0,0,0,0,0,0,1,0,0,0,0,0,0,0,2,1,0,false
C:\PROJECTS\Object-Oriented-Design-main\Object-Oriented-Design-main\src\pl\agh\edu\dp\labirynth\MapSiteObjects\Room.java,pl.agh.edu.dp.labirynth.MapSiteObjects.Room,toString/0,false,46,2,2,0,2,2,2,7,1,1,0,2,1,1,1,0,0,0,3,0,2,1,1,0,0,0,7,1,0,false
C:\PROJECTS\Object-Oriented-Design-main\Object-Oriented-Design-main\src\pl\agh\edu\dp\labirynth\MapSiteObjects\Room.java,pl.agh.edu.dp.labirynth.MapSiteObjects.Room,Enter/1[pl.agh.edu.dp.labirynth.Player],false,40,1,2,1,1,1,2,4,0,0,1,2,0,0,0,0,0,0,1,0,0,1,0,0,0,0,7,1,0,false
C:\PROJECTS\Object-Oriented-Design-main\Object-Oriented-Design-main\src\pl\agh\edu\dp\labirynth\MapSiteObjects\Room.java,pl.agh.edu.dp.labirynth.MapSiteObjects.Room,initWalls/0,false,22,2,3,1,2,1,1,6,0,0,0,1,1,1,0,0,0,0,0,0,0,0,0,0,0,0,3,1,0,false
C:\PROJECTS\Object-Oriented-Design-main\Object-Oriented-Design-main\src\pl\agh\edu\dp\labirynth\MapSiteObjects\Room.java,pl.agh.edu.dp.labirynth.MapSiteObjects.Room,getSide/1[pl.agh.edu.dp.labirynth.Direction],false,29,2,6,6,0,1,1,3,1,0,1,1,0,0,0,0,0,0,0,0,0,0,0,0,0,0,6,1,0,false
C:\PROJECTS\Object-Oriented-Design-main\Object-Oriented-Design-main\src\pl\agh\edu\dp\labirynth\MapSiteObjects\Room.java,pl.agh.edu.dp.labirynth.MapSiteObjects.Room,"setSide/2[pl.agh.edu.dp.labirynth.Direction,pl.agh.edu.dp.labirynth.MapSite]",false,32,2,4,4,0,1,1,3,0,0,2,1,0,0,0,0,0,0,0,0,0,0,0,0,0,0,4,1,0,false
C:\PROJECTS\Object-Oriented-Design-main\Object-Oriented-Design-main\src\pl\agh\edu\dp\labirynth\MapSiteObjects\Room.java,pl.agh.edu.dp.labirynth.MapSiteObjects.Room,Room/1[int],true,14,3,1,0,1,1,1,5,0,0,1,1,1,2,0,0,0,0,0,0,2,0,0,0,0,0,2,1,0,false
C:\PROJECTS\Object-Oriented-Design-main\Object-Oriented-Design-main\src\pl\agh\edu\dp\labirynth\MapSiteObjects\Room.java,pl.agh.edu.dp.labirynth.MapSiteObjects.Room,getRoomNumber/0,false,35,0,1,1,0,1,0,3,1,0,0,0,0,0,0,0,0,0,0,0,0,0,0,0,0,0,3,1,0,false
C:\PROJECTS\Object-Oriented-Design-main\Object-Oriented-Design-main\src\pl\agh\edu\dp\labirynth\MazeGame.java,pl.agh.edu.dp.labirynth.MazeGame,"createMaze/2[pl.agh.edu.dp.builder.MazeBuilder,pl.agh.edu.dp.factory.MazeFactory]",false,20,5,8,2,6,1,6,16,0,7,2,6,0,0,0,0,0,0,0,3,7,0,0,0,0,0,15,1,0,false
C:\PROJECTS\Object-Oriented-Design-main\Object-Oriented-Design-main\src\pl\agh\edu\dp\labirynth\MazeGame.java,pl.agh.edu.dp.labirynth.MazeGame,createMazeWithBombedFactory/1[pl.agh.edu.dp.builder.MazeBuilder],false,13,3,3,1,2,1,2,3,0,0,1,2,1,1,0,0,0,0,0,0,0,0,0,0,0,0,7,1,0,false
C:\PROJECTS\Object-Oriented-Design-main\Object-Oriented-Design-main\src\pl\agh\edu\dp\labirynth\MazeGame.java,pl.agh.edu.dp.labirynth.MazeGame,createMazeWithEnchantedFactory/1[pl.agh.edu.dp.builder.MazeBuilder],false,16,3,2,0,2,1,2,3,0,0,1,2,1,1,0,0,0,0,0,0,0,0,0,0,0,0,7,1,0,false
C:\PROJECTS\Object-Oriented-Design-main\Object-Oriented-Design-main\src\pl\agh\edu\dp\labirynth\Direction.java,pl.agh.edu.dp.labirynth.Direction,oppositeDir/1[pl.agh.edu.dp.labirynth.Direction],false,9,1,1,1,0,5,0,13,4,0,1,0,0,0,0,0,0,0,1,0,0,1,1,0,0,0,13,9,0,false
C:\PROJECTS\Object-Oriented-Design-main\Object-Oriented-Design-main\src\pl\agh\edu\dp\labirynth\MapSiteObjects\EnchantedDoor.java,pl.agh.edu.dp.labirynth.MapSiteObjects.EnchantedDoor,Enter/1[pl.agh.edu.dp.labirynth.Player],false,11,1,0,0,0,1,1,3,0,0,1,1,0,0,0,0,0,0,0,0,0,0,0,0,0,0,3,1,0,false
C:\PROJECTS\Object-Oriented-Design-main\Object-Oriented-Design-main\src\pl\agh\edu\dp\labirynth\MapSiteObjects\EnchantedDoor.java,pl.agh.edu.dp.labirynth.MapSiteObjects.EnchantedDoor,"EnchantedDoor/2[pl.agh.edu.dp.labirynth.MapSiteObjects.Room,pl.agh.edu.dp.labirynth.MapSiteObjects.Room]",true,6,1,1,1,0,1,0,3,0,0,2,0,0,0,0,0,0,0,0,0,0,0,0,0,0,0,4,1,0,false
C:\PROJECTS\Object-Oriented-Design-main\Object-Oriented-Design-main\src\pl\agh\edu\dp\main\Main.java,pl.agh.edu.dp.main.Main,main/1[java.lang.String[]],false,17,5,7,0,7,1,3,9,0,5,1,3,0,0,0,0,0,0,0,1,5,0,0,0,0,0,15,9,0,false
C:\PROJECTS\Object-Oriented-Design-main\Object-Oriented-Design-main\src\pl\agh\edu\dp\main\Main.java,pl.agh.edu.dp.main.Main,testSingletons/0,false,31,3,2,0,2,3,4,12,0,4,0,4,0,0,0,0,0,0,2,0,4,0,1,0,0,0,10,10,0,false
C:\PROJECTS\Object-Oriented-Design-main\Object-Oriented-Design-main\src\pl\agh\edu\dp\factory\MazeFactory.java,pl.agh.edu.dp.factory.MazeFactory,createRoom/1[int],false,9,1,1,1,0,1,0,1,0,0,1,0,0,0,0,0,0,0,0,0,0,0,0,0,0,0,3,0,0,false
C:\PROJECTS\Object-Oriented-Design-main\Object-Oriented-Design-main\src\pl\agh\edu\dp\factory\MazeFactory.java,pl.agh.edu.dp.factory.MazeFactory,createWall/0,false,10,1,1,1,0,1,0,1,0,0,0,0,0,0,0,0,0,0,0,0,0,0,0,0,0,0,2,0,0,false
C:\PROJECTS\Object-Oriented-Design-main\Object-Oriented-Design-main\src\pl\agh\edu\dp\factory\MazeFactory.java,pl.agh.edu.dp.factory.MazeFactory,"createDoor/2[pl.agh.edu.dp.labirynth.MapSiteObjects.Room,pl.agh.edu.dp.labirynth.MapSiteObjects.Room]",false,11,2,1,1,0,1,0,1,0,0,2,0,0,0,0,0,0,0,0,0,0,0,0,0,0,0,4,0,0,false
C:\PROJECTS\Object-Oriented-Design-main\Object-Oriented-Design-main\src\pl\agh\edu\dp\factory\EnchantedMazeFactory.java,pl.agh.edu.dp.factory.EnchantedMazeFactory,"createDoor/2[pl.agh.edu.dp.labirynth.MapSiteObjects.Room,pl.agh.edu.dp.labirynth.MapSiteObjects.Room]",false,25,3,1,0,1,1,0,3,1,0,2,0,0,0,0,0,0,0,0,0,0,0,0,0,0,0,5,1,0,false
C:\PROJECTS\Object-Oriented-Design-main\Object-Oriented-Design-main\src\pl\agh\edu\dp\factory\EnchantedMazeFactory.java,pl.agh.edu.dp.factory.EnchantedMazeFactory,getInstance/0,false,9,1,3,2,1,2,0,6,1,0,0,0,0,0,0,1,0,0,0,0,1,0,1,0,0,0,7,9,0,false
C:\PROJECTS\Object-Oriented-Design-main\Object-Oriented-Design-main\src\pl\agh\edu\dp\factory\EnchantedMazeFactory.java,pl.agh.edu.dp.factory.EnchantedMazeFactory,createRoom/1[int],false,15,2,1,0,1,1,0,3,1,0,1,0,0,0,0,0,0,0,0,0,0,0,0,0,0,0,4,1,0,false
C:\PROJECTS\Object-Oriented-Design-main\Object-Oriented-Design-main\src\pl\agh\edu\dp\factory\EnchantedMazeFactory.java,pl.agh.edu.dp.factory.EnchantedMazeFactory,createWall/0,false,20,2,1,0,1,1,0,3,1,0,0,0,0,0,0,0,0,0,0,0,0,0,0,0,0,0,3,1,0,false
C:\PROJECTS\Object-Oriented-Design-main\Object-Oriented-Design-main\src\pl\agh\edu\dp\labirynth\Player.java,pl.agh.edu.dp.labirynth.Player,moveL/0,false,13,2,3,1,2,1,2,3,0,0,0,2,0,0,0,0,0,0,0,0,0,0,0,0,0,0,2,1,0,false
C:\PROJECTS\Object-Oriented-Design-main\Object-Oriented-Design-main\src\pl\agh\edu\dp\labirynth\Player.java,pl.agh.edu.dp.labirynth.Player,damage/1[int],false,16,0,2,2,0,2,1,5,0,0,1,1,0,0,0,0,0,0,2,2,2,1,1,0,0,0,3,1,0,false
C:\PROJECTS\Object-Oriented-Design-main\Object-Oriented-Design-main\src\pl\agh\edu\dp\labirynth\Player.java,pl.agh.edu.dp.labirynth.Player,setCurrRoom/1[pl.agh.edu.dp.labirynth.MapSiteObjects.Room],false,23,1,2,2,0,1,0,3,0,0,1,0,0,0,0,0,0,0,0,0,1,0,0,0,0,0,4,1,0,false
C:\PROJECTS\Object-Oriented-Design-main\Object-Oriented-Design-main\src\pl\agh\edu\dp\labirynth\Player.java,pl.agh.edu.dp.labirynth.Player,moveB/0,false,12,2,3,1,2,1,2,3,0,0,0,2,0,0,0,0,0,0,0,0,0,0,0,0,0,0,2,1,0,false
C:\PROJECTS\Object-Oriented-Design-main\Object-Oriented-Design-main\src\pl\agh\edu\dp\labirynth\Player.java,pl.agh.edu.dp.labirynth.Player,moveF/0,false,11,2,3,1,2,1,2,3,0,0,0,2,0,0,0,0,0,0,0,0,0,0,0,0,0,0,2,1,0,false
C:\PROJECTS\Object-Oriented-Design-main\Object-Oriented-Design-main\src\pl\agh\edu\dp\labirynth\Player.java,pl.agh.edu.dp.labirynth.Player,moveR/0,false,14,2,3,1,2,1,2,3,0,0,0,2,0,0,0,0,0,0,0,0,0,0,0,0,0,0,2,1,0,false
C:\PROJECTS\Object-Oriented-Design-main\Object-Oriented-Design-main\src\pl\agh\edu\dp\labirynth\Player.java,pl.agh.edu.dp.labirynth.Player,getCurrRoom/0,false,22,1,3,3,0,1,0,3,1,0,0,0,0,0,0,0,0,0,0,0,0,0,0,0,0,0,4,1,0,false
C:\PROJECTS\Object-Oriented-Design-main\Object-Oriented-Design-main\src\pl\agh\edu\dp\labirynth\Player.java,pl.agh.edu.dp.labirynth.Player,getHealth/0,false,24,0,1,1,0,1,0,3,1,0,0,0,0,0,0,0,0,0,0,0,0,0,0,0,0,0,3,1,0,false
C:\PROJECTS\Object-Oriented-Design-main\Object-Oriented-Design-main\src\pl\agh\edu\dp\labirynth\Player.java,pl.agh.edu.dp.labirynth.Player,Player/1[int],true,7,0,1,1,0,1,0,3,0,0,1,0,0,0,0,0,0,0,0,0,1,0,0,0,0,0,2,1,0,false
