file,class,method,variable,usage
C:\PROJECTS\Object-Oriented-Design-main\Object-Oriented-Design-main\src\pl\agh\edu\dp\labirynth\Maze.java,pl.agh.edu.dp.labirynth.Maze,setRooms/1[java.util.Vector<pl.agh.edu.dp.labirynth.MapSiteObjects.Room>],rooms,2
C:\PROJECTS\Object-Oriented-Design-main\Object-Oriented-Design-main\src\pl\agh\edu\dp\labirynth\Maze.java,pl.agh.edu.dp.labirynth.Maze,addRoom/1[pl.agh.edu.dp.labirynth.MapSiteObjects.Room],room,1
C:\PROJECTS\Object-Oriented-Design-main\Object-Oriented-Design-main\src\pl\agh\edu\dp\labirynth\MapSiteObjects\BombedRoom.java,pl.agh.edu.dp.labirynth.MapSiteObjects.BombedRoom,Enter/1[pl.agh.edu.dp.labirynth.Player],player,2
C:\PROJECTS\Object-Oriented-Design-main\Object-Oriented-Design-main\src\pl\agh\edu\dp\labirynth\MapSiteObjects\BombedRoom.java,pl.agh.edu.dp.labirynth.MapSiteObjects.BombedRoom,BombedRoom/1[int],number,1
C:\PROJECTS\Object-Oriented-Design-main\Object-Oriented-Design-main\src\pl\agh\edu\dp\labirynth\MapSiteObjects\EnchantedWall.java,pl.agh.edu.dp.labirynth.MapSiteObjects.EnchantedWall,Enter/1[pl.agh.edu.dp.labirynth.Player],player,0
C:\PROJECTS\Object-Oriented-Design-main\Object-Oriented-Design-main\src\pl\agh\edu\dp\builder\MazeBuilder.java,pl.agh.edu.dp.builder.MazeBuilder,addRoom/1[pl.agh.edu.dp.labirynth.MapSiteObjects.Room],room,0
C:\PROJECTS\Object-Oriented-Design-main\Object-Oriented-Design-main\src\pl\agh\edu\dp\builder\MazeBuilder.java,pl.agh.edu.dp.builder.MazeBuilder,addDoor/1[pl.agh.edu.dp.labirynth.MapSiteObjects.Door],door,0
C:\PROJECTS\Object-Oriented-Design-main\Object-Oriented-Design-main\src\pl\agh\edu\dp\builder\MazeBuilder.java,pl.agh.edu.dp.builder.MazeBuilder,"connectRooms/4[pl.agh.edu.dp.labirynth.MapSiteObjects.Room,pl.agh.edu.dp.labirynth.MapSiteObjects.Room,pl.agh.edu.dp.labirynth.MapSite,pl.agh.edu.dp.labirynth.Direction]",room1,0
C:\PROJECTS\Object-Oriented-Design-main\Object-Oriented-Design-main\src\pl\agh\edu\dp\builder\MazeBuilder.java,pl.agh.edu.dp.builder.MazeBuilder,"connectRooms/4[pl.agh.edu.dp.labirynth.MapSiteObjects.Room,pl.agh.edu.dp.labirynth.MapSiteObjects.Room,pl.agh.edu.dp.labirynth.MapSite,pl.agh.edu.dp.labirynth.Direction]",room2,0
C:\PROJECTS\Object-Oriented-Design-main\Object-Oriented-Design-main\src\pl\agh\edu\dp\builder\MazeBuilder.java,pl.agh.edu.dp.builder.MazeBuilder,"connectRooms/4[pl.agh.edu.dp.labirynth.MapSiteObjects.Room,pl.agh.edu.dp.labirynth.MapSiteObjects.Room,pl.agh.edu.dp.labirynth.MapSite,pl.agh.edu.dp.labirynth.Direction]",mapSite,0
C:\PROJECTS\Object-Oriented-Design-main\Object-Oriented-Design-main\src\pl\agh\edu\dp\builder\MazeBuilder.java,pl.agh.edu.dp.builder.MazeBuilder,"connectRooms/4[pl.agh.edu.dp.labirynth.MapSiteObjects.Room,pl.agh.edu.dp.labirynth.MapSiteObjects.Room,pl.agh.edu.dp.labirynth.MapSite,pl.agh.edu.dp.labirynth.Direction]",direction,0
C:\PROJECTS\Object-Oriented-Design-main\Object-Oriented-Design-main\src\pl\agh\edu\dp\labirynth\MapSiteObjects\Wall.java,pl.agh.edu.dp.labirynth.MapSiteObjects.Wall,Enter/1[pl.agh.edu.dp.labirynth.Player],player,0
C:\PROJECTS\Object-Oriented-Design-main\Object-Oriented-Design-main\src\pl\agh\edu\dp\builder\CountingMazeBuilder.java,pl.agh.edu.dp.builder.CountingMazeBuilder,"connectRooms/4[pl.agh.edu.dp.labirynth.MapSiteObjects.Room,pl.agh.edu.dp.labirynth.MapSiteObjects.Room,pl.agh.edu.dp.labirynth.MapSite,pl.agh.edu.dp.labirynth.Direction]",room1,0
C:\PROJECTS\Object-Oriented-Design-main\Object-Oriented-Design-main\src\pl\agh\edu\dp\builder\CountingMazeBuilder.java,pl.agh.edu.dp.builder.CountingMazeBuilder,"connectRooms/4[pl.agh.edu.dp.labirynth.MapSiteObjects.Room,pl.agh.edu.dp.labirynth.MapSiteObjects.Room,pl.agh.edu.dp.labirynth.MapSite,pl.agh.edu.dp.labirynth.Direction]",room2,0
C:\PROJECTS\Object-Oriented-Design-main\Object-Oriented-Design-main\src\pl\agh\edu\dp\builder\CountingMazeBuilder.java,pl.agh.edu.dp.builder.CountingMazeBuilder,"connectRooms/4[pl.agh.edu.dp.labirynth.MapSiteObjects.Room,pl.agh.edu.dp.labirynth.MapSiteObjects.Room,pl.agh.edu.dp.labirynth.MapSite,pl.agh.edu.dp.labirynth.Direction]",mapSite,0
C:\PROJECTS\Object-Oriented-Design-main\Object-Oriented-Design-main\src\pl\agh\edu\dp\builder\CountingMazeBuilder.java,pl.agh.edu.dp.builder.CountingMazeBuilder,"connectRooms/4[pl.agh.edu.dp.labirynth.MapSiteObjects.Room,pl.agh.edu.dp.labirynth.MapSiteObjects.Room,pl.agh.edu.dp.labirynth.MapSite,pl.agh.edu.dp.labirynth.Direction]",direction,0
C:\PROJECTS\Object-Oriented-Design-main\Object-Oriented-Design-main\src\pl\agh\edu\dp\builder\CountingMazeBuilder.java,pl.agh.edu.dp.builder.CountingMazeBuilder,addRoom/1[pl.agh.edu.dp.labirynth.MapSiteObjects.Room],room,0
C:\PROJECTS\Object-Oriented-Design-main\Object-Oriented-Design-main\src\pl\agh\edu\dp\builder\CountingMazeBuilder.java,pl.agh.edu.dp.builder.CountingMazeBuilder,addDoor/1[pl.agh.edu.dp.labirynth.MapSiteObjects.Door],door,0
C:\PROJECTS\Object-Oriented-Design-main\Object-Oriented-Design-main\src\pl\agh\edu\dp\labirynth\MapSite.java,pl.agh.edu.dp.labirynth.MapSite,Enter/1[pl.agh.edu.dp.labirynth.Player],player,0
C:\PROJECTS\Object-Oriented-Design-main\Object-Oriented-Design-main\src\pl\agh\edu\dp\factory\BombedMazeFactory.java,pl.agh.edu.dp.factory.BombedMazeFactory,"createDoor/2[pl.agh.edu.dp.labirynth.MapSiteObjects.Room,pl.agh.edu.dp.labirynth.MapSiteObjects.Room]",room1,1
C:\PROJECTS\Object-Oriented-Design-main\Object-Oriented-Design-main\src\pl\agh\edu\dp\factory\BombedMazeFactory.java,pl.agh.edu.dp.factory.BombedMazeFactory,"createDoor/2[pl.agh.edu.dp.labirynth.MapSiteObjects.Room,pl.agh.edu.dp.labirynth.MapSiteObjects.Room]",room2,1
C:\PROJECTS\Object-Oriented-Design-main\Object-Oriented-Design-main\src\pl\agh\edu\dp\factory\BombedMazeFactory.java,pl.agh.edu.dp.factory.BombedMazeFactory,createRoom/1[int],number,1
C:\PROJECTS\Object-Oriented-Design-main\Object-Oriented-Design-main\src\pl\agh\edu\dp\labirynth\InitGame.java,pl.agh.edu.dp.labirynth.InitGame,startGame/0,input,3
C:\PROJECTS\Object-Oriented-Design-main\Object-Oriented-Design-main\src\pl\agh\edu\dp\labirynth\InitGame.java,pl.agh.edu.dp.labirynth.InitGame,"InitGame/2[pl.agh.edu.dp.labirynth.Maze,pl.agh.edu.dp.labirynth.Player]",maze,3
C:\PROJECTS\Object-Oriented-Design-main\Object-Oriented-Design-main\src\pl\agh\edu\dp\labirynth\InitGame.java,pl.agh.edu.dp.labirynth.InitGame,"InitGame/2[pl.agh.edu.dp.labirynth.Maze,pl.agh.edu.dp.labirynth.Player]",player,3
C:\PROJECTS\Object-Oriented-Design-main\Object-Oriented-Design-main\src\pl\agh\edu\dp\labirynth\InitGame.java,pl.agh.edu.dp.labirynth.InitGame,move/1[char],input,1
C:\PROJECTS\Object-Oriented-Design-main\Object-Oriented-Design-main\src\pl\agh\edu\dp\builder\StandardBuilderMaze.java,pl.agh.edu.dp.builder.StandardBuilderMaze,"commonWall/2[pl.agh.edu.dp.labirynth.MapSiteObjects.Room,pl.agh.edu.dp.labirynth.MapSiteObjects.Room]",room1,5
C:\PROJECTS\Object-Oriented-Design-main\Object-Oriented-Design-main\src\pl\agh\edu\dp\builder\StandardBuilderMaze.java,pl.agh.edu.dp.builder.StandardBuilderMaze,"commonWall/2[pl.agh.edu.dp.labirynth.MapSiteObjects.Room,pl.agh.edu.dp.labirynth.MapSiteObjects.Room]",room2,5
C:\PROJECTS\Object-Oriented-Design-main\Object-Oriented-Design-main\src\pl\agh\edu\dp\builder\StandardBuilderMaze.java,pl.agh.edu.dp.builder.StandardBuilderMaze,"connectRooms/4[pl.agh.edu.dp.labirynth.MapSiteObjects.Room,pl.agh.edu.dp.labirynth.MapSiteObjects.Room,pl.agh.edu.dp.labirynth.MapSite,pl.agh.edu.dp.labirynth.Direction]",room1,1
C:\PROJECTS\Object-Oriented-Design-main\Object-Oriented-Design-main\src\pl\agh\edu\dp\builder\StandardBuilderMaze.java,pl.agh.edu.dp.builder.StandardBuilderMaze,"connectRooms/4[pl.agh.edu.dp.labirynth.MapSiteObjects.Room,pl.agh.edu.dp.labirynth.MapSiteObjects.Room,pl.agh.edu.dp.labirynth.MapSite,pl.agh.edu.dp.labirynth.Direction]",room2,1
C:\PROJECTS\Object-Oriented-Design-main\Object-Oriented-Design-main\src\pl\agh\edu\dp\builder\StandardBuilderMaze.java,pl.agh.edu.dp.builder.StandardBuilderMaze,"connectRooms/4[pl.agh.edu.dp.labirynth.MapSiteObjects.Room,pl.agh.edu.dp.labirynth.MapSiteObjects.Room,pl.agh.edu.dp.labirynth.MapSite,pl.agh.edu.dp.labirynth.Direction]",mapSite,3
C:\PROJECTS\Object-Oriented-Design-main\Object-Oriented-Design-main\src\pl\agh\edu\dp\builder\StandardBuilderMaze.java,pl.agh.edu.dp.builder.StandardBuilderMaze,"connectRooms/4[pl.agh.edu.dp.labirynth.MapSiteObjects.Room,pl.agh.edu.dp.labirynth.MapSiteObjects.Room,pl.agh.edu.dp.labirynth.MapSite,pl.agh.edu.dp.labirynth.Direction]",direction,2
C:\PROJECTS\Object-Oriented-Design-main\Object-Oriented-Design-main\src\pl\agh\edu\dp\builder\StandardBuilderMaze.java,pl.agh.edu.dp.builder.StandardBuilderMaze,addDoor/1[pl.agh.edu.dp.labirynth.MapSiteObjects.Door],door,3
C:\PROJECTS\Object-Oriented-Design-main\Object-Oriented-Design-main\src\pl\agh\edu\dp\builder\StandardBuilderMaze.java,pl.agh.edu.dp.builder.StandardBuilderMaze,addDoor/1[pl.agh.edu.dp.labirynth.MapSiteObjects.Door],commonDir,1
C:\PROJECTS\Object-Oriented-Design-main\Object-Oriented-Design-main\src\pl\agh\edu\dp\builder\StandardBuilderMaze.java,pl.agh.edu.dp.builder.StandardBuilderMaze,addDoor/1[pl.agh.edu.dp.labirynth.MapSiteObjects.Door],room1,2
C:\PROJECTS\Object-Oriented-Design-main\Object-Oriented-Design-main\src\pl\agh\edu\dp\builder\StandardBuilderMaze.java,pl.agh.edu.dp.builder.StandardBuilderMaze,addDoor/1[pl.agh.edu.dp.labirynth.MapSiteObjects.Door],room2,2
C:\PROJECTS\Object-Oriented-Design-main\Object-Oriented-Design-main\src\pl\agh\edu\dp\builder\StandardBuilderMaze.java,pl.agh.edu.dp.builder.StandardBuilderMaze,addRoom/1[pl.agh.edu.dp.labirynth.MapSiteObjects.Room],room,1
C:\PROJECTS\Object-Oriented-Design-main\Object-Oriented-Design-main\src\pl\agh\edu\dp\labirynth\MapSiteObjects\BombedWall.java,pl.agh.edu.dp.labirynth.MapSiteObjects.BombedWall,Enter/1[pl.agh.edu.dp.labirynth.Player],player,1
C:\PROJECTS\Object-Oriented-Design-main\Object-Oriented-Design-main\src\pl\agh\edu\dp\labirynth\MapSiteObjects\EnchantedRoom.java,pl.agh.edu.dp.labirynth.MapSiteObjects.EnchantedRoom,Enter/1[pl.agh.edu.dp.labirynth.Player],player,1
C:\PROJECTS\Object-Oriented-Design-main\Object-Oriented-Design-main\src\pl\agh\edu\dp\labirynth\MapSiteObjects\EnchantedRoom.java,pl.agh.edu.dp.labirynth.MapSiteObjects.EnchantedRoom,EnchantedRoom/1[int],number,1
C:\PROJECTS\Object-Oriented-Design-main\Object-Oriented-Design-main\src\pl\agh\edu\dp\labirynth\MapSiteObjects\Door.java,pl.agh.edu.dp.labirynth.MapSiteObjects.Door,setRoom1/1[pl.agh.edu.dp.labirynth.MapSiteObjects.Room],room1,2
C:\PROJECTS\Object-Oriented-Design-main\Object-Oriented-Design-main\src\pl\agh\edu\dp\labirynth\MapSiteObjects\Door.java,pl.agh.edu.dp.labirynth.MapSiteObjects.Door,Enter/1[pl.agh.edu.dp.labirynth.Player],player,3
C:\PROJECTS\Object-Oriented-Design-main\Object-Oriented-Design-main\src\pl\agh\edu\dp\labirynth\MapSiteObjects\Door.java,pl.agh.edu.dp.labirynth.MapSiteObjects.Door,setRoom2/1[pl.agh.edu.dp.labirynth.MapSiteObjects.Room],room2,1
C:\PROJECTS\Object-Oriented-Design-main\Object-Oriented-Design-main\src\pl\agh\edu\dp\labirynth\MapSiteObjects\Door.java,pl.agh.edu.dp.labirynth.MapSiteObjects.Door,"Door/2[pl.agh.edu.dp.labirynth.MapSiteObjects.Room,pl.agh.edu.dp.labirynth.MapSiteObjects.Room]",r2,1
C:\PROJECTS\Object-Oriented-Design-main\Object-Oriented-Design-main\src\pl\agh\edu\dp\labirynth\MapSiteObjects\Door.java,pl.agh.edu.dp.labirynth.MapSiteObjects.Door,"Door/2[pl.agh.edu.dp.labirynth.MapSiteObjects.Room,pl.agh.edu.dp.labirynth.MapSiteObjects.Room]",r1,1
C:\PROJECTS\Object-Oriented-Design-main\Object-Oriented-Design-main\src\pl\agh\edu\dp\labirynth\MapSiteObjects\Room.java,pl.agh.edu.dp.labirynth.MapSiteObjects.Room,toString/0,str,2
C:\PROJECTS\Object-Oriented-Design-main\Object-Oriented-Design-main\src\pl\agh\edu\dp\labirynth\MapSiteObjects\Room.java,pl.agh.edu.dp.labirynth.MapSiteObjects.Room,toString/0,direction,2
C:\PROJECTS\Object-Oriented-Design-main\Object-Oriented-Design-main\src\pl\agh\edu\dp\labirynth\MapSiteObjects\Room.java,pl.agh.edu.dp.labirynth.MapSiteObjects.Room,Enter/1[pl.agh.edu.dp.labirynth.Player],player,1
C:\PROJECTS\Object-Oriented-Design-main\Object-Oriented-Design-main\src\pl\agh\edu\dp\labirynth\MapSiteObjects\Room.java,pl.agh.edu.dp.labirynth.MapSiteObjects.Room,getSide/1[pl.agh.edu.dp.labirynth.Direction],direction,1
C:\PROJECTS\Object-Oriented-Design-main\Object-Oriented-Design-main\src\pl\agh\edu\dp\labirynth\MapSiteObjects\Room.java,pl.agh.edu.dp.labirynth.MapSiteObjects.Room,"setSide/2[pl.agh.edu.dp.labirynth.Direction,pl.agh.edu.dp.labirynth.MapSite]",ms,1
C:\PROJECTS\Object-Oriented-Design-main\Object-Oriented-Design-main\src\pl\agh\edu\dp\labirynth\MapSiteObjects\Room.java,pl.agh.edu.dp.labirynth.MapSiteObjects.Room,"setSide/2[pl.agh.edu.dp.labirynth.Direction,pl.agh.edu.dp.labirynth.MapSite]",direction,1
C:\PROJECTS\Object-Oriented-Design-main\Object-Oriented-Design-main\src\pl\agh\edu\dp\labirynth\MapSiteObjects\Room.java,pl.agh.edu.dp.labirynth.MapSiteObjects.Room,Room/1[int],number,1
C:\PROJECTS\Object-Oriented-Design-main\Object-Oriented-Design-main\src\pl\agh\edu\dp\labirynth\MazeGame.java,pl.agh.edu.dp.labirynth.MazeGame,"createMaze/2[pl.agh.edu.dp.builder.MazeBuilder,pl.agh.edu.dp.factory.MazeFactory]",mazeFactory,7
C:\PROJECTS\Object-Oriented-Design-main\Object-Oriented-Design-main\src\pl\agh\edu\dp\labirynth\MazeGame.java,pl.agh.edu.dp.labirynth.MazeGame,"createMaze/2[pl.agh.edu.dp.builder.MazeBuilder,pl.agh.edu.dp.factory.MazeFactory]",wall12,1
C:\PROJECTS\Object-Oriented-Design-main\Object-Oriented-Design-main\src\pl\agh\edu\dp\labirynth\MazeGame.java,pl.agh.edu.dp.labirynth.MazeGame,"createMaze/2[pl.agh.edu.dp.builder.MazeBuilder,pl.agh.edu.dp.factory.MazeFactory]",wall23,1
C:\PROJECTS\Object-Oriented-Design-main\Object-Oriented-Design-main\src\pl\agh\edu\dp\labirynth\MazeGame.java,pl.agh.edu.dp.labirynth.MazeGame,"createMaze/2[pl.agh.edu.dp.builder.MazeBuilder,pl.agh.edu.dp.factory.MazeFactory]",room3,3
C:\PROJECTS\Object-Oriented-Design-main\Object-Oriented-Design-main\src\pl\agh\edu\dp\labirynth\MazeGame.java,pl.agh.edu.dp.labirynth.MazeGame,"createMaze/2[pl.agh.edu.dp.builder.MazeBuilder,pl.agh.edu.dp.factory.MazeFactory]",builder,7
C:\PROJECTS\Object-Oriented-Design-main\Object-Oriented-Design-main\src\pl\agh\edu\dp\labirynth\MazeGame.java,pl.agh.edu.dp.labirynth.MazeGame,"createMaze/2[pl.agh.edu.dp.builder.MazeBuilder,pl.agh.edu.dp.factory.MazeFactory]",door12,1
C:\PROJECTS\Object-Oriented-Design-main\Object-Oriented-Design-main\src\pl\agh\edu\dp\labirynth\MazeGame.java,pl.agh.edu.dp.labirynth.MazeGame,"createMaze/2[pl.agh.edu.dp.builder.MazeBuilder,pl.agh.edu.dp.factory.MazeFactory]",door23,1
C:\PROJECTS\Object-Oriented-Design-main\Object-Oriented-Design-main\src\pl\agh\edu\dp\labirynth\MazeGame.java,pl.agh.edu.dp.labirynth.MazeGame,"createMaze/2[pl.agh.edu.dp.builder.MazeBuilder,pl.agh.edu.dp.factory.MazeFactory]",room1,3
C:\PROJECTS\Object-Oriented-Design-main\Object-Oriented-Design-main\src\pl\agh\edu\dp\labirynth\MazeGame.java,pl.agh.edu.dp.labirynth.MazeGame,"createMaze/2[pl.agh.edu.dp.builder.MazeBuilder,pl.agh.edu.dp.factory.MazeFactory]",room2,5
C:\PROJECTS\Object-Oriented-Design-main\Object-Oriented-Design-main\src\pl\agh\edu\dp\labirynth\MazeGame.java,pl.agh.edu.dp.labirynth.MazeGame,createMazeWithBombedFactory/1[pl.agh.edu.dp.builder.MazeBuilder],builder,1
C:\PROJECTS\Object-Oriented-Design-main\Object-Oriented-Design-main\src\pl\agh\edu\dp\labirynth\MazeGame.java,pl.agh.edu.dp.labirynth.MazeGame,createMazeWithEnchantedFactory/1[pl.agh.edu.dp.builder.MazeBuilder],builder,1
C:\PROJECTS\Object-Oriented-Design-main\Object-Oriented-Design-main\src\pl\agh\edu\dp\labirynth\Direction.java,pl.agh.edu.dp.labirynth.Direction,oppositeDir/1[pl.agh.edu.dp.labirynth.Direction],d,2
C:\PROJECTS\Object-Oriented-Design-main\Object-Oriented-Design-main\src\pl\agh\edu\dp\labirynth\MapSiteObjects\EnchantedDoor.java,pl.agh.edu.dp.labirynth.MapSiteObjects.EnchantedDoor,Enter/1[pl.agh.edu.dp.labirynth.Player],player,1
C:\PROJECTS\Object-Oriented-Design-main\Object-Oriented-Design-main\src\pl\agh\edu\dp\labirynth\MapSiteObjects\EnchantedDoor.java,pl.agh.edu.dp.labirynth.MapSiteObjects.EnchantedDoor,"EnchantedDoor/2[pl.agh.edu.dp.labirynth.MapSiteObjects.Room,pl.agh.edu.dp.labirynth.MapSiteObjects.Room]",r2,1
C:\PROJECTS\Object-Oriented-Design-main\Object-Oriented-Design-main\src\pl\agh\edu\dp\labirynth\MapSiteObjects\EnchantedDoor.java,pl.agh.edu.dp.labirynth.MapSiteObjects.EnchantedDoor,"EnchantedDoor/2[pl.agh.edu.dp.labirynth.MapSiteObjects.Room,pl.agh.edu.dp.labirynth.MapSiteObjects.Room]",r1,1
C:\PROJECTS\Object-Oriented-Design-main\Object-Oriented-Design-main\src\pl\agh\edu\dp\main\Main.java,pl.agh.edu.dp.main.Main,main/1[java.lang.String[]],args,0
C:\PROJECTS\Object-Oriented-Design-main\Object-Oriented-Design-main\src\pl\agh\edu\dp\main\Main.java,pl.agh.edu.dp.main.Main,main/1[java.lang.String[]],initGame,1
C:\PROJECTS\Object-Oriented-Design-main\Object-Oriented-Design-main\src\pl\agh\edu\dp\main\Main.java,pl.agh.edu.dp.main.Main,main/1[java.lang.String[]],standardBuilderMaze,2
C:\PROJECTS\Object-Oriented-Design-main\Object-Oriented-Design-main\src\pl\agh\edu\dp\main\Main.java,pl.agh.edu.dp.main.Main,main/1[java.lang.String[]],maze,1
C:\PROJECTS\Object-Oriented-Design-main\Object-Oriented-Design-main\src\pl\agh\edu\dp\main\Main.java,pl.agh.edu.dp.main.Main,main/1[java.lang.String[]],mazeGame,1
C:\PROJECTS\Object-Oriented-Design-main\Object-Oriented-Design-main\src\pl\agh\edu\dp\main\Main.java,pl.agh.edu.dp.main.Main,main/1[java.lang.String[]],player,1
C:\PROJECTS\Object-Oriented-Design-main\Object-Oriented-Design-main\src\pl\agh\edu\dp\main\Main.java,pl.agh.edu.dp.main.Main,testSingletons/0,BombedMazeFactory2,1
C:\PROJECTS\Object-Oriented-Design-main\Object-Oriented-Design-main\src\pl\agh\edu\dp\main\Main.java,pl.agh.edu.dp.main.Main,testSingletons/0,EnchantedMazeFactory2,1
C:\PROJECTS\Object-Oriented-Design-main\Object-Oriented-Design-main\src\pl\agh\edu\dp\main\Main.java,pl.agh.edu.dp.main.Main,testSingletons/0,EnchantedMazeFactory1,1
C:\PROJECTS\Object-Oriented-Design-main\Object-Oriented-Design-main\src\pl\agh\edu\dp\main\Main.java,pl.agh.edu.dp.main.Main,testSingletons/0,BombedMazeFactory1,1
C:\PROJECTS\Object-Oriented-Design-main\Object-Oriented-Design-main\src\pl\agh\edu\dp\factory\MazeFactory.java,pl.agh.edu.dp.factory.MazeFactory,createRoom/1[int],number,0
C:\PROJECTS\Object-Oriented-Design-main\Object-Oriented-Design-main\src\pl\agh\edu\dp\factory\MazeFactory.java,pl.agh.edu.dp.factory.MazeFactory,"createDoor/2[pl.agh.edu.dp.labirynth.MapSiteObjects.Room,pl.agh.edu.dp.labirynth.MapSiteObjects.Room]",room1,0
C:\PROJECTS\Object-Oriented-Design-main\Object-Oriented-Design-main\src\pl\agh\edu\dp\factory\MazeFactory.java,pl.agh.edu.dp.factory.MazeFactory,"createDoor/2[pl.agh.edu.dp.labirynth.MapSiteObjects.Room,pl.agh.edu.dp.labirynth.MapSiteObjects.Room]",room2,0
C:\PROJECTS\Object-Oriented-Design-main\Object-Oriented-Design-main\src\pl\agh\edu\dp\factory\EnchantedMazeFactory.java,pl.agh.edu.dp.factory.EnchantedMazeFactory,"createDoor/2[pl.agh.edu.dp.labirynth.MapSiteObjects.Room,pl.agh.edu.dp.labirynth.MapSiteObjects.Room]",room1,1
C:\PROJECTS\Object-Oriented-Design-main\Object-Oriented-Design-main\src\pl\agh\edu\dp\factory\EnchantedMazeFactory.java,pl.agh.edu.dp.factory.EnchantedMazeFactory,"createDoor/2[pl.agh.edu.dp.labirynth.MapSiteObjects.Room,pl.agh.edu.dp.labirynth.MapSiteObjects.Room]",room2,1
C:\PROJECTS\Object-Oriented-Design-main\Object-Oriented-Design-main\src\pl\agh\edu\dp\factory\EnchantedMazeFactory.java,pl.agh.edu.dp.factory.EnchantedMazeFactory,createRoom/1[int],number,1
C:\PROJECTS\Object-Oriented-Design-main\Object-Oriented-Design-main\src\pl\agh\edu\dp\labirynth\Player.java,pl.agh.edu.dp.labirynth.Player,damage/1[int],dmg,2
C:\PROJECTS\Object-Oriented-Design-main\Object-Oriented-Design-main\src\pl\agh\edu\dp\labirynth\Player.java,pl.agh.edu.dp.labirynth.Player,setCurrRoom/1[pl.agh.edu.dp.labirynth.MapSiteObjects.Room],newRoom,1
C:\PROJECTS\Object-Oriented-Design-main\Object-Oriented-Design-main\src\pl\agh\edu\dp\labirynth\Player.java,pl.agh.edu.dp.labirynth.Player,Player/1[int],hp,1
