file,class,type,cbo,cboModified,fanin,fanout,wmc,dit,noc,rfc,lcom,lcom*,tcc,lcc,totalMethodsQty,staticMethodsQty,publicMethodsQty,privateMethodsQty,protectedMethodsQty,defaultMethodsQty,visibleMethodsQty,abstractMethodsQty,finalMethodsQty,synchronizedMethodsQty,totalFieldsQty,staticFieldsQty,publicFieldsQty,privateFieldsQty,protectedFieldsQty,defaultFieldsQty,finalFieldsQty,synchronizedFieldsQty,nosi,loc,returnQty,loopQty,comparisonsQty,tryCatchQty,parenthesizedExpsQty,stringLiteralsQty,numbersQty,assignmentsQty,mathOperationsQty,variablesQty,maxNestedBlocksQty,anonymousClassesQty,innerClassesQty,lambdasQty,uniqueWordsQty,modifiers,logStatementsQty
C:\PROJECTS\Simple_Java_AdventureGame-master\Simple_Java_AdventureGame-master\src\data\ItemData.java,data.ItemData,class,0,1,1,0,0,1,0,0,0,NaN,-1.0,-1.0,0,0,0,0,0,0,0,0,0,0,10,0,10,0,0,0,0,0,0,12,0,0,0,0,0,0,0,0,0,10,0,0,0,0,18,1,0
C:\PROJECTS\Simple_Java_AdventureGame-master\Simple_Java_AdventureGame-master\src\abstractFactory\NoLockDoor.java,abstractFactory.NoLockDoor,class,3,4,1,3,6,1,0,4,3,0.33333334,0.4,0.4,6,0,6,0,0,0,6,0,0,0,1,0,0,0,0,1,0,0,0,20,2,0,0,0,0,0,0,1,0,1,0,0,0,0,16,0,0
C:\PROJECTS\Simple_Java_AdventureGame-master\Simple_Java_AdventureGame-master\src\iterator\AbstractIterator.java,iterator.AbstractIterator,interface,0,4,4,0,6,1,0,0,15,0.0,0.0,0.0,6,0,6,0,0,0,6,0,0,0,0,0,0,0,0,0,0,0,0,8,0,0,0,0,0,0,0,0,0,0,0,0,0,0,16,1,0
C:\PROJECTS\Simple_Java_AdventureGame-master\Simple_Java_AdventureGame-master\src\iterator\ThingIterator.java,iterator.ThingIterator,class,4,5,1,4,11,1,0,3,0,0.5,0.71428573,1.0,7,0,7,0,0,0,7,0,0,0,4,0,0,4,0,0,0,0,0,34,4,0,2,0,2,0,4,4,1,4,1,0,0,0,23,0,0
C:\PROJECTS\Simple_Java_AdventureGame-master\Simple_Java_AdventureGame-master\src\data\MapData.java,data.MapData,class,0,6,6,0,0,1,0,0,0,NaN,-1.0,-1.0,0,0,0,0,0,0,0,0,0,0,3,0,3,0,0,0,0,0,0,5,0,0,0,0,0,0,0,0,0,3,0,0,0,0,8,1,0
C:\PROJECTS\Simple_Java_AdventureGame-master\Simple_Java_AdventureGame-master\src\flyweight\Coordinates.java,flyweight.Coordinates,class,0,1,1,0,3,1,0,0,0,0.33333334,0.6666667,1.0,3,0,3,0,0,0,3,0,0,0,2,0,0,2,0,0,0,0,0,14,2,0,0,0,0,0,0,2,0,2,0,0,0,0,6,0,0
C:\PROJECTS\Simple_Java_AdventureGame-master\Simple_Java_AdventureGame-master\src\decorator\EquipItem.java,decorator.EquipItem,class,2,3,1,2,11,2,0,0,55,0.0,0.0,0.0,11,0,11,0,0,0,11,0,0,0,0,0,0,0,0,0,0,0,0,36,4,0,0,0,0,1,0,8,0,0,0,0,0,0,25,1,0
C:\PROJECTS\Simple_Java_AdventureGame-master\Simple_Java_AdventureGame-master\src\model\Room.java,model.Room,class,1,5,4,1,5,2,0,0,10,0.8,0.0,0.0,5,0,5,0,0,0,5,0,0,0,5,0,0,0,0,5,0,0,0,22,0,0,0,0,0,0,0,9,0,5,0,0,0,0,17,1,0
C:\PROJECTS\Simple_Java_AdventureGame-master\Simple_Java_AdventureGame-master\src\model\Player.java,model.Player,class,6,8,2,6,65,2,0,9,9,0.7714285,0.35164836,0.4945055,14,2,14,0,0,0,14,0,0,0,15,12,9,1,0,5,0,0,1,216,6,1,13,1,20,0,273,49,225,23,3,0,0,0,56,1,0
C:\PROJECTS\Simple_Java_AdventureGame-master\Simple_Java_AdventureGame-master\src\abstractFactory\LockDoor.java,abstractFactory.LockDoor,class,4,5,1,4,6,1,0,6,0,0.0,1.0,1.0,6,0,6,0,0,0,6,0,0,0,1,0,0,0,0,1,0,0,0,21,2,0,0,0,0,0,0,1,0,1,0,0,0,0,15,0,0
C:\PROJECTS\Simple_Java_AdventureGame-master\Simple_Java_AdventureGame-master\src\state\StateManager.java,state.StateManager,class,3,5,2,3,4,1,0,1,4,0.6666667,0.16666667,0.16666667,4,0,4,0,0,0,4,0,0,0,3,0,2,1,0,0,0,0,0,18,1,0,0,0,0,0,0,4,0,3,0,0,0,0,11,1,0
C:\PROJECTS\Simple_Java_AdventureGame-master\Simple_Java_AdventureGame-master\src\controller\AdventureGame.java,controller.AdventureGame,class,16,17,1,16,4,8,0,26,4,0.71153843,0.16666667,0.16666667,4,1,4,0,0,0,4,0,0,0,11,0,0,0,0,11,0,0,5,120,0,0,0,0,0,3,25,22,0,16,0,0,2,0,49,1,0
C:\PROJECTS\Simple_Java_AdventureGame-master\Simple_Java_AdventureGame-master\src\controller\AdventureGame.java,controller.AdventureGame$KeyMonitor,innerclass,0,0,0,0,10,2,0,1,1,0.0,0.0,0.0,2,0,2,0,0,0,2,0,0,0,0,0,0,0,0,0,0,0,0,48,0,0,0,0,0,0,8,18,0,2,1,0,0,0,11,0,0
C:\PROJECTS\Simple_Java_AdventureGame-master\Simple_Java_AdventureGame-master\src\observer\ThingObserver.java,observer.ThingObserver,interface,1,3,2,1,1,1,0,0,0,0.0,NaN,NaN,1,0,1,0,0,0,1,0,0,0,0,0,0,0,0,0,0,0,0,3,0,0,0,0,0,0,0,0,0,0,0,0,0,0,10,1,0
C:\PROJECTS\Simple_Java_AdventureGame-master\Simple_Java_AdventureGame-master\src\data\ThingData.java,data.ThingData,class,0,1,1,0,0,1,0,0,0,NaN,-1.0,-1.0,0,0,0,0,0,0,0,0,0,0,6,0,6,0,0,0,0,0,0,8,0,0,0,0,0,0,0,0,0,6,0,0,0,0,14,1,0
C:\PROJECTS\Simple_Java_AdventureGame-master\Simple_Java_AdventureGame-master\src\config\TextureConfig.java,config.TextureConfig,interface,0,3,3,0,0,1,0,0,0,NaN,-1.0,-1.0,0,0,0,0,0,0,0,0,0,0,12,0,0,0,0,12,0,0,0,14,0,0,0,0,0,9,3,12,0,12,0,0,0,0,18,1,0
C:\PROJECTS\Simple_Java_AdventureGame-master\Simple_Java_AdventureGame-master\src\data\PlayerData.java,data.PlayerData,class,1,4,3,1,0,1,0,0,0,NaN,-1.0,-1.0,0,0,0,0,0,0,0,0,0,0,8,0,8,0,0,0,0,0,0,10,0,0,0,0,0,0,0,0,0,8,0,0,0,0,10,1,0
C:\PROJECTS\Simple_Java_AdventureGame-master\Simple_Java_AdventureGame-master\src\view\ViewMap.java,view.ViewMap,class,5,7,2,5,21,5,0,12,22,0.625,0.14285715,0.14285715,8,1,6,1,0,1,7,0,0,0,1,0,0,0,0,1,0,0,2,73,13,2,10,1,0,0,16,9,4,8,2,0,0,0,46,1,0
C:\PROJECTS\Simple_Java_AdventureGame-master\Simple_Java_AdventureGame-master\src\decorator\WeaponItem.java,decorator.WeaponItem,class,3,4,1,3,2,3,0,1,1,0.0,0.0,0.0,2,0,2,0,0,0,2,0,0,0,0,0,0,0,0,0,0,0,0,8,1,0,0,0,0,1,0,0,1,0,0,0,0,0,9,1,0
C:\PROJECTS\Simple_Java_AdventureGame-master\Simple_Java_AdventureGame-master\src\view\ThingModel.java,view.ThingModel,class,3,7,4,3,13,1,0,13,19,0.6666667,0.33333334,0.41666666,10,0,9,1,0,0,9,0,0,0,3,0,0,0,0,3,0,0,0,44,2,3,0,0,2,0,2,7,0,7,1,0,0,0,27,1,0
C:\PROJECTS\Simple_Java_AdventureGame-master\Simple_Java_AdventureGame-master\src\view\ViewThing.java,view.ViewThing,class,6,7,1,6,5,1,0,10,0,0.5,0.33333334,0.33333334,3,0,3,0,0,0,3,0,0,0,4,0,0,0,0,4,0,0,0,26,0,1,0,1,0,0,2,5,2,4,1,0,0,0,23,1,0
C:\PROJECTS\Simple_Java_AdventureGame-master\Simple_Java_AdventureGame-master\src\memento\MementoCaretaker.java,memento.MementoCaretaker,class,1,1,0,1,2,1,0,0,0,0.0,1.0,1.0,2,0,2,0,0,0,2,0,0,0,1,0,0,1,0,0,0,0,0,9,1,0,0,0,0,0,0,1,0,1,0,0,0,0,11,1,0
C:\PROJECTS\Simple_Java_AdventureGame-master\Simple_Java_AdventureGame-master\src\state\State.java,state.State,interface,1,3,2,1,1,1,0,0,0,0.0,NaN,NaN,1,0,1,0,0,0,1,0,0,0,0,0,0,0,0,0,0,0,0,3,0,0,0,0,0,0,0,0,0,0,0,0,0,0,8,1,0
C:\PROJECTS\Simple_Java_AdventureGame-master\Simple_Java_AdventureGame-master\src\model\Door.java,model.Door,class,1,4,3,1,4,1,1,0,2,0.5,0.33333334,0.33333334,4,0,4,0,0,0,4,0,0,0,3,0,0,0,0,3,0,0,0,19,1,0,0,0,0,0,0,6,0,3,0,0,0,0,8,1,0
C:\PROJECTS\Simple_Java_AdventureGame-master\Simple_Java_AdventureGame-master\src\flyweight\Wall102.java,flyweight.Wall102,class,1,2,1,1,1,2,0,0,0,0.0,NaN,NaN,1,0,1,0,0,0,1,0,0,0,1,0,0,0,0,1,0,0,0,6,1,0,0,0,0,1,0,1,0,1,0,0,0,0,6,0,0
C:\PROJECTS\Simple_Java_AdventureGame-master\Simple_Java_AdventureGame-master\src\controller\AdventureGame.java,controller.AdventureGame$PaintThread,innerclass,0,0,0,0,3,2,0,3,0,0.0,NaN,NaN,1,0,1,0,0,0,1,0,0,0,0,0,0,0,0,0,0,0,1,13,0,1,0,1,0,0,1,0,0,0,2,0,0,0,8,2,0
C:\PROJECTS\Simple_Java_AdventureGame-master\Simple_Java_AdventureGame-master\src\flyweight\Wall100.java,flyweight.Wall100,class,1,2,1,1,1,2,0,0,0,0.0,NaN,NaN,1,0,1,0,0,0,1,0,0,0,1,0,0,0,0,1,0,0,0,6,1,0,0,0,0,1,0,1,0,1,0,0,0,0,6,0,0
C:\PROJECTS\Simple_Java_AdventureGame-master\Simple_Java_AdventureGame-master\src\flyweight\Wall101.java,flyweight.Wall101,class,1,2,1,1,1,2,0,0,0,0.0,NaN,NaN,1,0,1,0,0,0,1,0,0,0,1,0,0,0,0,1,0,0,0,6,1,0,0,0,0,1,0,1,0,1,0,0,0,0,6,0,0
C:\PROJECTS\Simple_Java_AdventureGame-master\Simple_Java_AdventureGame-master\src\iterator\AbstractThingList.java,iterator.AbstractThingList,class,1,4,3,1,5,1,1,2,0,0.2,0.6,0.6,5,0,5,0,0,0,5,1,0,0,1,0,0,0,1,0,0,0,0,16,1,0,0,0,0,0,0,2,0,1,0,0,0,0,17,1025,0
C:\PROJECTS\Simple_Java_AdventureGame-master\Simple_Java_AdventureGame-master\src\adapter\EquipItemAdapter.java,adapter.EquipItemAdapter,class,2,2,0,2,2,1,0,1,0,0.0,1.0,1.0,2,0,2,0,0,0,2,0,0,0,1,0,0,0,0,1,0,0,0,9,0,0,0,0,0,0,0,1,0,1,0,0,0,0,12,1,0
C:\PROJECTS\Simple_Java_AdventureGame-master\Simple_Java_AdventureGame-master\src\model\MapSite.java,model.MapSite,class,1,2,1,1,3,1,1,0,3,0.6666667,0.0,0.0,3,0,3,0,0,0,3,0,0,0,5,0,0,0,0,5,0,0,0,18,0,0,0,0,0,0,0,5,0,5,0,0,0,0,14,1,0
C:\PROJECTS\Simple_Java_AdventureGame-master\Simple_Java_AdventureGame-master\src\abstractFactory\DoorFactory.java,abstractFactory.DoorFactory,interface,1,4,3,1,1,1,0,0,0,0.0,NaN,NaN,1,0,1,0,0,0,1,0,0,0,0,0,0,0,0,0,0,0,0,3,0,0,0,0,0,0,0,0,0,0,0,0,0,0,8,1,0
C:\PROJECTS\Simple_Java_AdventureGame-master\Simple_Java_AdventureGame-master\src\decorator\BrokenItem.java,decorator.BrokenItem,class,3,4,1,3,2,3,0,1,1,0.0,0.0,0.0,2,0,2,0,0,0,2,0,0,0,0,0,0,0,0,0,0,0,0,8,1,0,0,0,0,1,0,0,1,0,0,0,0,0,9,1,0
C:\PROJECTS\Simple_Java_AdventureGame-master\Simple_Java_AdventureGame-master\src\adapter\EquipItemInterface.java,adapter.EquipItemInterface,interface,0,1,1,0,1,1,0,0,0,0.0,NaN,NaN,1,0,1,0,0,0,1,0,0,0,0,0,0,0,0,0,0,0,0,3,0,0,0,0,0,0,0,0,0,0,0,0,0,0,9,1,0
C:\PROJECTS\Simple_Java_AdventureGame-master\Simple_Java_AdventureGame-master\src\decorator\NormalItem.java,decorator.NormalItem,class,3,4,1,3,2,3,0,1,1,0.0,0.0,0.0,2,0,2,0,0,0,2,0,0,0,0,0,0,0,0,0,0,0,0,8,1,0,0,0,0,1,0,0,1,0,0,0,0,0,9,1,0
C:\PROJECTS\Simple_Java_AdventureGame-master\Simple_Java_AdventureGame-master\src\flyweight\WallFactory.java,flyweight.WallFactory,class,5,7,2,5,3,1,0,2,1,0.5,0.0,0.0,3,2,2,1,0,0,2,0,0,0,2,2,0,2,0,0,0,0,0,20,2,0,0,0,0,0,3,5,0,5,0,0,0,0,18,1,0
C:\PROJECTS\Simple_Java_AdventureGame-master\Simple_Java_AdventureGame-master\src\model\Map.java,model.Map,class,4,8,4,4,17,1,0,18,25,0.72727275,0.27272728,0.3272727,11,0,11,0,0,0,11,0,0,0,5,3,0,0,0,5,0,0,0,76,2,5,0,1,2,0,4,24,0,16,3,0,0,0,38,1,0
C:\PROJECTS\Simple_Java_AdventureGame-master\Simple_Java_AdventureGame-master\src\decorator\Item.java,decorator.Item,class,1,8,7,1,4,1,3,0,6,1.0,0.0,0.0,4,0,4,0,0,0,4,4,0,0,1,0,0,0,0,1,0,0,0,7,0,0,0,0,0,0,0,0,0,1,0,0,0,0,11,1025,0
C:\PROJECTS\Simple_Java_AdventureGame-master\Simple_Java_AdventureGame-master\src\observer\MapObserver.java,observer.MapObserver,interface,1,3,2,1,1,1,0,0,0,0.0,NaN,NaN,1,0,1,0,0,0,1,0,0,0,0,0,0,0,0,0,0,0,0,3,0,0,0,0,0,0,0,0,0,0,0,0,0,0,5,1,0
C:\PROJECTS\Simple_Java_AdventureGame-master\Simple_Java_AdventureGame-master\src\decorator\FineItem.java,decorator.FineItem,class,3,4,1,3,2,3,0,1,1,0.0,0.0,0.0,2,0,2,0,0,0,2,0,0,0,0,0,0,0,0,0,0,0,0,8,1,0,0,0,0,1,0,0,1,0,0,0,0,0,9,1,0
C:\PROJECTS\Simple_Java_AdventureGame-master\Simple_Java_AdventureGame-master\src\iterator\ThingList.java,iterator.ThingList,class,3,5,2,3,2,2,0,0,1,0.0,0.0,0.0,2,0,2,0,0,0,2,0,0,0,0,0,0,0,0,0,0,0,0,8,1,0,0,0,0,0,0,0,0,0,0,0,0,0,10,1,0
C:\PROJECTS\Simple_Java_AdventureGame-master\Simple_Java_AdventureGame-master\src\data\MapSiteData.java,data.MapSiteData,class,0,0,0,0,0,1,0,0,0,NaN,-1.0,-1.0,0,0,0,0,0,0,0,0,0,0,1,0,1,0,0,0,0,0,0,3,0,0,0,0,0,0,0,0,0,1,0,0,0,0,7,1,0
C:\PROJECTS\Simple_Java_AdventureGame-master\Simple_Java_AdventureGame-master\src\adapter\ThingInterface.java,adapter.ThingInterface,interface,0,2,2,0,1,1,0,0,0,0.0,NaN,NaN,1,0,1,0,0,0,1,0,0,0,0,0,0,0,0,0,0,0,0,3,0,0,0,0,0,0,0,0,0,0,0,0,0,0,8,1,0
C:\PROJECTS\Simple_Java_AdventureGame-master\Simple_Java_AdventureGame-master\src\decorator\ConsumeItem.java,decorator.ConsumeItem,class,1,1,0,1,9,2,0,0,36,0.0,0.0,0.0,9,0,9,0,0,0,9,0,0,0,0,0,0,0,0,0,0,0,0,29,4,0,0,0,0,1,0,5,0,0,0,0,0,0,19,1,0
C:\PROJECTS\Simple_Java_AdventureGame-master\Simple_Java_AdventureGame-master\src\state\PoisonState.java,state.PoisonState,class,2,3,1,2,1,1,0,0,0,0.0,NaN,NaN,1,0,1,0,0,0,1,0,0,0,0,0,0,0,0,0,0,0,0,6,0,0,0,0,0,1,1,2,0,0,0,0,0,0,9,1,0
C:\PROJECTS\Simple_Java_AdventureGame-master\Simple_Java_AdventureGame-master\src\model\Thing.java,model.Thing,class,3,8,5,3,19,1,0,5,0,0.5769231,0.012820513,0.012820513,13,0,13,0,0,0,13,0,0,0,2,0,1,0,0,1,0,0,0,59,10,0,1,1,0,2,4,10,4,3,1,0,0,0,40,1,0
C:\PROJECTS\Simple_Java_AdventureGame-master\Simple_Java_AdventureGame-master\src\abstractFactory\NoLockDoorFactory.java,abstractFactory.NoLockDoorFactory,class,3,4,1,3,1,1,0,0,0,0.0,NaN,NaN,1,0,1,0,0,0,1,0,0,0,0,0,0,0,0,0,0,0,0,5,1,0,0,0,0,0,0,0,0,0,0,0,0,0,6,1,0
C:\PROJECTS\Simple_Java_AdventureGame-master\Simple_Java_AdventureGame-master\src\memento\PlayerMemento.java,memento.PlayerMemento,class,1,3,2,1,4,1,0,0,0,0.5,0.5,1.0,4,0,4,0,0,0,4,0,0,0,3,0,0,3,0,0,0,0,0,19,3,0,0,0,0,0,0,3,0,3,0,0,0,0,13,1,0
C:\PROJECTS\Simple_Java_AdventureGame-master\Simple_Java_AdventureGame-master\src\flyweight\Wall.java,flyweight.Wall,class,2,8,6,2,2,1,3,5,1,0.0,0.0,0.0,2,0,2,0,0,0,2,1,0,0,0,0,0,0,0,0,0,0,0,6,0,0,0,0,0,0,4,0,2,0,0,0,0,0,12,1025,0
C:\PROJECTS\Simple_Java_AdventureGame-master\Simple_Java_AdventureGame-master\src\abstractFactory\Fdoor.java,abstractFactory.Fdoor,interface,1,7,6,1,6,1,0,0,15,0.0,0.0,0.0,6,0,6,0,0,0,6,0,0,0,0,0,0,0,0,0,0,0,0,8,0,0,0,0,0,0,0,0,0,0,0,0,0,0,15,1,0
C:\PROJECTS\Simple_Java_AdventureGame-master\Simple_Java_AdventureGame-master\src\abstractFactory\LockDoorFactory.java,abstractFactory.LockDoorFactory,class,3,3,0,3,1,1,0,0,0,0.0,NaN,NaN,1,0,1,0,0,0,1,0,0,0,0,0,0,0,0,0,0,0,0,5,1,0,0,0,0,0,0,0,0,0,0,0,0,0,5,1,0
C:\PROJECTS\Simple_Java_AdventureGame-master\Simple_Java_AdventureGame-master\src\config\PlayerConfig.java,config.PlayerConfig,interface,0,1,1,0,0,1,0,0,0,NaN,-1.0,-1.0,0,0,0,0,0,0,0,0,0,0,3,0,0,0,0,3,0,0,0,5,0,0,0,0,0,2,1,3,0,3,0,0,0,0,7,1,0
C:\PROJECTS\Simple_Java_AdventureGame-master\Simple_Java_AdventureGame-master\src\decorator\ItemDecorator.java,decorator.ItemDecorator,class,1,5,4,1,5,2,4,4,0,0.0,1.0,1.0,5,0,5,0,0,0,5,0,0,0,1,0,0,1,0,0,0,0,0,18,4,0,0,0,0,0,0,1,0,1,0,0,0,0,11,1,0
C:\PROJECTS\Simple_Java_AdventureGame-master\Simple_Java_AdventureGame-master\src\model\DoorWithLock.java,model.DoorWithLock,class,1,2,1,1,3,2,0,0,0,0.0,1.0,1.0,2,0,2,0,0,0,2,0,0,0,1,0,0,0,0,1,0,0,0,12,2,0,1,0,0,0,0,1,0,1,1,0,0,0,9,1,0
