file,class,method,constructor,line,cbo,cboModified,fanin,fanout,wmc,rfc,loc,returnsQty,variablesQty,parametersQty,methodsInvokedQty,methodsInvokedLocalQty,methodsInvokedIndirectLocalQty,loopQty,comparisonsQty,tryCatchQty,parenthesizedExpsQty,stringLiteralsQty,numbersQty,assignmentsQty,mathOperationsQty,maxNestedBlocksQty,anonymousClassesQty,innerClassesQty,lambdasQty,uniqueWordsQty,modifiers,logStatementsQty,hasJavaDoc
C:\PROJECTS\Simple_Java_AdventureGame-master\Simple_Java_AdventureGame-master\src\abstractFactory\NoLockDoor.java,abstractFactory.NoLockDoor,setRoom/1[model.Room],false,23,2,1,0,1,1,1,3,0,0,1,1,0,0,0,0,0,0,0,0,0,0,0,0,0,0,3,1,0,false
C:\PROJECTS\Simple_Java_AdventureGame-master\Simple_Java_AdventureGame-master\src\abstractFactory\NoLockDoor.java,abstractFactory.NoLockDoor,setKey/1[int],false,17,0,0,0,0,1,0,2,0,0,1,0,0,0,0,0,0,0,0,0,0,0,0,0,0,0,3,1,0,false
C:\PROJECTS\Simple_Java_AdventureGame-master\Simple_Java_AdventureGame-master\src\abstractFactory\NoLockDoor.java,abstractFactory.NoLockDoor,checkkey/1[int],false,19,0,0,0,0,1,0,3,1,0,1,0,0,0,0,0,0,0,0,0,0,0,0,0,0,0,3,1,0,false
C:\PROJECTS\Simple_Java_AdventureGame-master\Simple_Java_AdventureGame-master\src\abstractFactory\NoLockDoor.java,abstractFactory.NoLockDoor,getroom/0,false,27,2,1,0,1,1,1,3,1,0,0,1,0,0,0,0,0,0,0,0,0,0,0,0,0,0,2,1,0,false
C:\PROJECTS\Simple_Java_AdventureGame-master\Simple_Java_AdventureGame-master\src\abstractFactory\NoLockDoor.java,abstractFactory.NoLockDoor,"setPosition/2[int,int]",false,9,1,1,0,1,1,1,3,0,0,2,1,0,0,0,0,0,0,0,0,0,0,0,0,0,0,3,1,0,false
C:\PROJECTS\Simple_Java_AdventureGame-master\Simple_Java_AdventureGame-master\src\abstractFactory\NoLockDoor.java,abstractFactory.NoLockDoor,"getPosition/2[int,int]",false,13,1,1,0,1,1,1,3,0,0,2,1,0,0,0,0,0,0,0,0,0,0,0,0,0,0,3,1,0,false
C:\PROJECTS\Simple_Java_AdventureGame-master\Simple_Java_AdventureGame-master\src\iterator\AbstractIterator.java,iterator.AbstractIterator,next/0,false,9,0,1,1,0,1,0,1,0,0,0,0,0,0,0,0,0,0,0,0,0,0,0,0,0,0,1,1,0,false
C:\PROJECTS\Simple_Java_AdventureGame-master\Simple_Java_AdventureGame-master\src\iterator\AbstractIterator.java,iterator.AbstractIterator,isFirst/0,false,12,0,0,0,0,1,0,1,0,0,0,0,0,0,0,0,0,0,0,0,0,0,0,0,0,0,2,1,0,false
C:\PROJECTS\Simple_Java_AdventureGame-master\Simple_Java_AdventureGame-master\src\iterator\AbstractIterator.java,iterator.AbstractIterator,isLast/0,false,10,0,1,1,0,1,0,1,0,0,0,0,0,0,0,0,0,0,0,0,0,0,0,0,0,0,2,1,0,false
C:\PROJECTS\Simple_Java_AdventureGame-master\Simple_Java_AdventureGame-master\src\iterator\AbstractIterator.java,iterator.AbstractIterator,getNextItem/0,false,13,0,1,1,0,1,0,1,0,0,0,0,0,0,0,0,0,0,0,0,0,0,0,0,0,0,4,1,0,false
C:\PROJECTS\Simple_Java_AdventureGame-master\Simple_Java_AdventureGame-master\src\iterator\AbstractIterator.java,iterator.AbstractIterator,getPreviousItem/0,false,14,0,0,0,0,1,0,1,0,0,0,0,0,0,0,0,0,0,0,0,0,0,0,0,0,0,4,1,0,false
C:\PROJECTS\Simple_Java_AdventureGame-master\Simple_Java_AdventureGame-master\src\iterator\AbstractIterator.java,iterator.AbstractIterator,previous/0,false,11,0,0,0,0,1,0,1,0,0,0,0,0,0,0,0,0,0,0,0,0,0,0,0,0,0,1,1,0,false
C:\PROJECTS\Simple_Java_AdventureGame-master\Simple_Java_AdventureGame-master\src\iterator\ThingIterator.java,iterator.ThingIterator,previous/0,false,34,0,0,0,0,2,0,5,0,0,0,0,0,0,0,0,0,0,0,1,0,0,1,0,0,0,2,1,0,false
C:\PROJECTS\Simple_Java_AdventureGame-master\Simple_Java_AdventureGame-master\src\iterator\ThingIterator.java,iterator.ThingIterator,isFirst/0,false,38,0,0,0,0,2,0,3,1,0,0,0,0,0,0,1,0,1,0,1,0,0,0,0,0,0,3,1,0,false
C:\PROJECTS\Simple_Java_AdventureGame-master\Simple_Java_AdventureGame-master\src\iterator\ThingIterator.java,iterator.ThingIterator,ThingIterator/1[iterator.ThingList],true,17,2,2,1,1,1,2,6,0,0,1,2,0,0,0,0,0,0,0,2,4,1,0,0,0,0,6,1,0,false
C:\PROJECTS\Simple_Java_AdventureGame-master\Simple_Java_AdventureGame-master\src\iterator\ThingIterator.java,iterator.ThingIterator,next/0,false,24,0,0,0,0,2,1,5,0,0,0,1,0,0,0,0,0,0,0,0,0,0,1,0,0,0,2,1,0,false
C:\PROJECTS\Simple_Java_AdventureGame-master\Simple_Java_AdventureGame-master\src\iterator\ThingIterator.java,iterator.ThingIterator,getNextItem/0,false,42,1,0,0,0,1,1,3,1,0,0,1,0,0,0,0,0,0,0,0,0,0,0,0,0,0,6,1,0,false
C:\PROJECTS\Simple_Java_AdventureGame-master\Simple_Java_AdventureGame-master\src\iterator\ThingIterator.java,iterator.ThingIterator,getPreviousItem/0,false,46,1,0,0,0,1,1,3,1,0,0,1,0,0,0,0,0,0,0,0,0,0,0,0,0,0,6,1,0,false
C:\PROJECTS\Simple_Java_AdventureGame-master\Simple_Java_AdventureGame-master\src\iterator\ThingIterator.java,iterator.ThingIterator,isLast/0,false,30,0,0,0,0,2,1,3,1,0,0,1,0,0,0,1,0,1,0,0,0,0,0,0,0,0,3,1,0,false
C:\PROJECTS\Simple_Java_AdventureGame-master\Simple_Java_AdventureGame-master\src\flyweight\Coordinates.java,flyweight.Coordinates,"Coordinates/2[int,int]",true,7,0,0,0,0,1,0,4,0,0,2,0,0,0,0,0,0,0,0,0,2,0,0,0,0,0,3,1,0,false
C:\PROJECTS\Simple_Java_AdventureGame-master\Simple_Java_AdventureGame-master\src\flyweight\Coordinates.java,flyweight.Coordinates,getY/0,false,16,0,1,1,0,1,0,3,1,0,0,0,0,0,0,0,0,0,0,0,0,0,0,0,0,0,2,1,0,false
C:\PROJECTS\Simple_Java_AdventureGame-master\Simple_Java_AdventureGame-master\src\flyweight\Coordinates.java,flyweight.Coordinates,getX/0,false,12,0,1,1,0,1,0,3,1,0,0,0,0,0,0,0,0,0,0,0,0,0,0,0,0,0,2,1,0,false
C:\PROJECTS\Simple_Java_AdventureGame-master\Simple_Java_AdventureGame-master\src\decorator\EquipItem.java,decorator.EquipItem,setname/1[java.lang.String],false,26,0,0,0,0,1,0,3,0,0,1,0,0,0,0,0,0,0,0,0,1,0,0,0,0,0,2,1,0,false
C:\PROJECTS\Simple_Java_AdventureGame-master\Simple_Java_AdventureGame-master\src\decorator\EquipItem.java,decorator.EquipItem,setweight/1[int],false,34,0,0,0,0,1,0,3,0,0,1,0,0,0,0,0,0,0,0,0,1,0,0,0,0,0,2,1,0,false
C:\PROJECTS\Simple_Java_AdventureGame-master\Simple_Java_AdventureGame-master\src\decorator\EquipItem.java,decorator.EquipItem,setatk/1[int],false,42,0,0,0,0,1,0,3,0,0,1,0,0,0,0,0,0,0,0,0,1,0,0,0,0,0,2,1,0,false
C:\PROJECTS\Simple_Java_AdventureGame-master\Simple_Java_AdventureGame-master\src\decorator\EquipItem.java,decorator.EquipItem,getweight/0,false,18,0,0,0,0,1,0,3,1,0,0,0,0,0,0,0,0,0,0,0,0,0,0,0,0,0,1,1,0,false
C:\PROJECTS\Simple_Java_AdventureGame-master\Simple_Java_AdventureGame-master\src\decorator\EquipItem.java,decorator.EquipItem,settype/0,false,38,0,0,0,0,1,0,3,0,0,0,0,0,0,0,0,0,0,1,0,1,0,0,0,0,0,1,1,0,false
C:\PROJECTS\Simple_Java_AdventureGame-master\Simple_Java_AdventureGame-master\src\decorator\EquipItem.java,decorator.EquipItem,setdef/1[int],false,46,0,0,0,0,1,0,3,0,0,1,0,0,0,0,0,0,0,0,0,1,0,0,0,0,0,2,1,0,false
C:\PROJECTS\Simple_Java_AdventureGame-master\Simple_Java_AdventureGame-master\src\decorator\EquipItem.java,decorator.EquipItem,"setsite/2[int,int]",false,50,0,1,1,0,1,0,4,0,0,2,0,0,0,0,0,0,0,0,0,2,0,0,0,0,0,3,1,0,false
C:\PROJECTS\Simple_Java_AdventureGame-master\Simple_Java_AdventureGame-master\src\decorator\EquipItem.java,decorator.EquipItem,getid/0,false,14,0,0,0,0,1,0,3,1,0,0,0,0,0,0,0,0,0,0,0,0,0,0,0,0,0,1,1,0,false
C:\PROJECTS\Simple_Java_AdventureGame-master\Simple_Java_AdventureGame-master\src\decorator\EquipItem.java,decorator.EquipItem,gettype/0,false,22,0,0,0,0,1,0,3,1,0,0,0,0,0,0,0,0,0,0,0,0,0,0,0,0,0,1,1,0,false
C:\PROJECTS\Simple_Java_AdventureGame-master\Simple_Java_AdventureGame-master\src\decorator\EquipItem.java,decorator.EquipItem,getname/0,false,10,0,0,0,0,1,0,3,1,0,0,0,0,0,0,0,0,0,0,0,0,0,0,0,0,0,1,1,0,false
C:\PROJECTS\Simple_Java_AdventureGame-master\Simple_Java_AdventureGame-master\src\decorator\EquipItem.java,decorator.EquipItem,setid/1[int],false,30,0,0,0,0,1,0,3,0,0,1,0,0,0,0,0,0,0,0,0,1,0,0,0,0,0,2,1,0,false
C:\PROJECTS\Simple_Java_AdventureGame-master\Simple_Java_AdventureGame-master\src\model\Room.java,model.Room,setId/1[int],false,22,0,0,0,0,1,0,3,0,0,1,0,0,0,0,0,0,0,0,0,1,0,0,0,0,0,3,1,0,false
C:\PROJECTS\Simple_Java_AdventureGame-master\Simple_Java_AdventureGame-master\src\model\Room.java,model.Room,setName/1[java.lang.String],false,18,0,0,0,0,1,0,3,0,0,1,0,0,0,0,0,0,0,0,0,1,0,0,0,0,0,3,1,0,false
C:\PROJECTS\Simple_Java_AdventureGame-master\Simple_Java_AdventureGame-master\src\model\Room.java,model.Room,setThings/1[java.util.List],false,14,0,0,0,0,1,0,3,0,0,1,0,0,0,0,0,0,0,0,0,1,0,0,0,0,0,4,1,0,false
C:\PROJECTS\Simple_Java_AdventureGame-master\Simple_Java_AdventureGame-master\src\model\Room.java,model.Room,setOpenDoor/1[java.util.List],false,26,0,0,0,0,1,0,3,0,0,1,0,0,0,0,0,0,0,0,0,1,0,0,0,0,0,5,1,0,false
C:\PROJECTS\Simple_Java_AdventureGame-master\Simple_Java_AdventureGame-master\src\model\Room.java,model.Room,setLockDoor/1[java.util.List],false,30,0,0,0,0,1,0,3,0,0,1,0,0,0,0,0,0,0,0,0,1,0,0,0,0,0,5,1,0,false
C:\PROJECTS\Simple_Java_AdventureGame-master\Simple_Java_AdventureGame-master\src\model\Player.java,model.Player,moveLR/0,false,137,0,1,1,0,13,0,38,0,4,0,0,0,0,0,4,0,10,0,22,14,50,3,0,0,0,15,1,0,false
C:\PROJECTS\Simple_Java_AdventureGame-master\Simple_Java_AdventureGame-master\src\model\Player.java,model.Player,getInstance/0,false,19,1,2,1,1,2,0,6,1,0,0,0,0,0,0,1,0,0,0,0,1,0,1,0,0,0,5,9,0,false
C:\PROJECTS\Simple_Java_AdventureGame-master\Simple_Java_AdventureGame-master\src\model\Player.java,model.Player,getY/0,false,50,0,0,0,0,1,0,3,1,0,0,0,0,0,0,0,0,0,0,0,0,0,0,0,0,0,3,1,0,false
C:\PROJECTS\Simple_Java_AdventureGame-master\Simple_Java_AdventureGame-master\src\model\Player.java,model.Player,moveUD/0,false,99,0,1,1,0,13,0,38,0,4,0,0,0,0,0,4,0,10,0,22,14,50,3,0,0,0,15,1,0,false
C:\PROJECTS\Simple_Java_AdventureGame-master\Simple_Java_AdventureGame-master\src\model\Player.java,model.Player,getX/0,false,46,0,0,0,0,1,0,3,1,0,0,0,0,0,0,0,0,0,0,0,0,0,0,0,0,0,3,1,0,false
C:\PROJECTS\Simple_Java_AdventureGame-master\Simple_Java_AdventureGame-master\src\model\Player.java,model.Player,restore/1[memento.PlayerMemento],false,58,1,3,0,3,1,3,5,0,0,1,3,0,0,0,0,0,0,0,0,3,0,0,0,0,0,4,1,0,false
C:\PROJECTS\Simple_Java_AdventureGame-master\Simple_Java_AdventureGame-master\src\model\Player.java,model.Player,"setPosition/3[int,int,data.MapData]",false,32,1,1,1,0,1,0,5,0,0,3,0,0,0,0,0,0,0,0,0,3,0,0,0,0,0,5,1,0,false
C:\PROJECTS\Simple_Java_AdventureGame-master\Simple_Java_AdventureGame-master\src\model\Player.java,model.Player,draw/1[java.awt.Graphics],false,173,0,1,1,0,25,2,74,0,0,1,2,0,0,0,4,0,0,0,221,0,125,3,0,0,0,12,9,0,false
C:\PROJECTS\Simple_Java_AdventureGame-master\Simple_Java_AdventureGame-master\src\model\Player.java,model.Player,Player/0,true,15,0,1,1,0,1,0,3,0,0,0,0,0,0,0,0,0,0,0,0,0,0,0,0,0,0,1,1,0,false
C:\PROJECTS\Simple_Java_AdventureGame-master\Simple_Java_AdventureGame-master\src\model\Player.java,model.Player,setmapid/1[int],false,38,0,1,1,0,1,0,3,0,0,1,0,0,0,0,0,0,0,0,0,1,0,0,0,0,0,2,1,0,false
C:\PROJECTS\Simple_Java_AdventureGame-master\Simple_Java_AdventureGame-master\src\model\Player.java,model.Player,getPlayerdata/0,false,28,1,0,0,0,1,0,3,1,0,0,0,0,0,0,0,0,0,0,0,0,0,0,0,0,0,5,1,0,false
C:\PROJECTS\Simple_Java_AdventureGame-master\Simple_Java_AdventureGame-master\src\model\Player.java,model.Player,getmapid/0,false,42,0,0,0,0,1,0,3,1,0,0,0,0,0,0,0,0,0,0,0,0,0,0,0,0,0,1,1,0,false
C:\PROJECTS\Simple_Java_AdventureGame-master\Simple_Java_AdventureGame-master\src\model\Player.java,model.Player,save/0,false,54,1,1,0,1,1,0,3,1,0,0,0,0,0,0,0,0,0,0,0,0,0,0,0,0,0,3,1,0,false
C:\PROJECTS\Simple_Java_AdventureGame-master\Simple_Java_AdventureGame-master\src\model\Player.java,model.Player,run/0,false,64,1,2,0,2,3,4,12,0,0,0,4,2,1,1,0,1,0,0,1,0,0,2,0,0,0,10,1,0,false
C:\PROJECTS\Simple_Java_AdventureGame-master\Simple_Java_AdventureGame-master\src\abstractFactory\LockDoor.java,abstractFactory.LockDoor,setRoom/1[model.Room],false,26,2,1,0,1,1,1,3,0,0,1,1,0,0,0,0,0,0,0,0,0,0,0,0,0,0,3,1,0,false
C:\PROJECTS\Simple_Java_AdventureGame-master\Simple_Java_AdventureGame-master\src\abstractFactory\LockDoor.java,abstractFactory.LockDoor,setKey/1[int],false,18,1,1,0,1,1,1,3,0,0,1,1,0,0,0,0,0,0,0,0,0,0,0,0,0,0,3,1,0,false
C:\PROJECTS\Simple_Java_AdventureGame-master\Simple_Java_AdventureGame-master\src\abstractFactory\LockDoor.java,abstractFactory.LockDoor,"setPosition/2[int,int]",false,10,1,1,0,1,1,1,3,0,0,2,1,0,0,0,0,0,0,0,0,0,0,0,0,0,0,3,1,0,false
C:\PROJECTS\Simple_Java_AdventureGame-master\Simple_Java_AdventureGame-master\src\abstractFactory\LockDoor.java,abstractFactory.LockDoor,checkkey/1[int],false,22,1,1,0,1,1,1,3,1,0,1,1,0,0,0,0,0,0,0,0,0,0,0,0,0,0,2,1,0,false
C:\PROJECTS\Simple_Java_AdventureGame-master\Simple_Java_AdventureGame-master\src\abstractFactory\LockDoor.java,abstractFactory.LockDoor,"getPosition/2[int,int]",false,14,1,1,0,1,1,1,3,0,0,2,1,0,0,0,0,0,0,0,0,0,0,0,0,0,0,3,1,0,false
C:\PROJECTS\Simple_Java_AdventureGame-master\Simple_Java_AdventureGame-master\src\abstractFactory\LockDoor.java,abstractFactory.LockDoor,getroom/0,false,30,2,1,0,1,1,1,3,1,0,0,1,0,0,0,0,0,0,0,0,0,0,0,0,0,0,2,1,0,false
C:\PROJECTS\Simple_Java_AdventureGame-master\Simple_Java_AdventureGame-master\src\state\StateManager.java,state.StateManager,setState/1[state.State],false,10,1,0,0,0,1,0,3,0,0,1,0,0,0,0,0,0,0,0,0,1,0,0,0,0,0,3,1,0,false
C:\PROJECTS\Simple_Java_AdventureGame-master\Simple_Java_AdventureGame-master\src\state\StateManager.java,state.StateManager,getPoison/0,false,22,2,2,0,2,1,1,4,0,0,0,1,0,0,0,0,0,0,0,0,1,0,0,0,0,0,4,1,0,false
C:\PROJECTS\Simple_Java_AdventureGame-master\Simple_Java_AdventureGame-master\src\state\StateManager.java,state.StateManager,getData/1[data.PlayerData],false,14,1,0,0,0,1,0,3,0,0,1,0,0,0,0,0,0,0,0,0,1,0,0,0,0,0,4,1,0,false
C:\PROJECTS\Simple_Java_AdventureGame-master\Simple_Java_AdventureGame-master\src\state\StateManager.java,state.StateManager,getName/0,false,18,0,0,0,0,1,0,3,1,0,0,0,0,0,0,0,0,0,0,0,0,0,0,0,0,0,3,1,0,false
C:\PROJECTS\Simple_Java_AdventureGame-master\Simple_Java_AdventureGame-master\src\controller\AdventureGame.java,controller.AdventureGame,paint/1[java.awt.Graphics],false,93,2,2,0,2,1,3,5,0,0,1,3,0,0,0,0,0,0,0,0,0,0,0,0,0,0,3,1,0,false
C:\PROJECTS\Simple_Java_AdventureGame-master\Simple_Java_AdventureGame-master\src\controller\AdventureGame.java,controller.AdventureGame,main/1[java.lang.String[]],false,99,1,1,0,1,1,0,3,0,1,1,0,0,0,0,0,0,0,0,0,1,0,0,0,0,0,5,9,0,false
C:\PROJECTS\Simple_Java_AdventureGame-master\Simple_Java_AdventureGame-master\src\controller\AdventureGame.java,controller.AdventureGame,AdventureGame/0,true,42,1,2,1,1,1,1,3,0,0,0,1,1,1,0,0,0,0,0,0,0,0,0,0,0,0,3,1,0,false
C:\PROJECTS\Simple_Java_AdventureGame-master\Simple_Java_AdventureGame-master\src\controller\AdventureGame.java,controller.AdventureGame,init/0,false,46,10,18,1,17,1,22,35,0,2,0,22,0,0,0,0,0,0,3,24,14,0,0,0,0,0,30,1,0,false
C:\PROJECTS\Simple_Java_AdventureGame-master\Simple_Java_AdventureGame-master\src\controller\AdventureGame.java,controller.AdventureGame$KeyMonitor,keyReleased/1[java.awt.event.KeyEvent],false,159,0,0,0,0,5,1,23,0,1,1,1,0,0,0,0,0,0,0,4,9,0,1,0,0,0,7,1,0,false
C:\PROJECTS\Simple_Java_AdventureGame-master\Simple_Java_AdventureGame-master\src\controller\AdventureGame.java,controller.AdventureGame$KeyMonitor,keyPressed/1[java.awt.event.KeyEvent],false,133,0,0,0,0,5,1,23,0,1,1,1,0,0,0,0,0,0,0,4,9,0,1,0,0,0,7,1,0,false
C:\PROJECTS\Simple_Java_AdventureGame-master\Simple_Java_AdventureGame-master\src\observer\ThingObserver.java,observer.ThingObserver,dataUpdate/1[view.ThingModel],false,9,1,1,1,0,1,0,1,0,0,1,0,0,0,0,0,0,0,0,0,0,0,0,0,0,0,5,1,0,false
C:\PROJECTS\Simple_Java_AdventureGame-master\Simple_Java_AdventureGame-master\src\view\ViewMap.java,view.ViewMap,ViewMap/0,true,16,0,0,0,0,1,0,2,0,0,0,0,0,0,0,0,0,0,0,0,0,0,0,0,0,0,2,1,0,false
C:\PROJECTS\Simple_Java_AdventureGame-master\Simple_Java_AdventureGame-master\src\view\ViewMap.java,view.ViewMap,getDrawX/1[int],false,50,0,1,1,0,1,0,4,1,1,1,0,0,0,0,0,0,0,0,1,1,1,0,0,0,0,5,1,0,false
C:\PROJECTS\Simple_Java_AdventureGame-master\Simple_Java_AdventureGame-master\src\view\ViewMap.java,view.ViewMap,ViewMap/1[model.Map],true,18,2,1,0,1,2,2,9,0,0,1,2,1,1,0,0,1,0,0,0,1,0,1,0,0,0,6,1,0,false
C:\PROJECTS\Simple_Java_AdventureGame-master\Simple_Java_AdventureGame-master\src\view\ViewMap.java,view.ViewMap,mapDataUpdate/1[model.Map],false,83,1,0,0,0,1,1,4,0,0,1,1,0,0,0,0,0,0,0,0,1,0,0,0,0,0,5,1,0,false
C:\PROJECTS\Simple_Java_AdventureGame-master\Simple_Java_AdventureGame-master\src\view\ViewMap.java,view.ViewMap,paint/1[java.awt.Graphics],false,33,3,4,0,4,4,6,12,1,5,1,6,3,1,2,1,0,0,0,3,5,2,2,0,0,0,18,1,0,false
C:\PROJECTS\Simple_Java_AdventureGame-master\Simple_Java_AdventureGame-master\src\view\ViewMap.java,view.ViewMap,init/0,false,27,0,1,1,0,1,3,5,0,0,0,3,0,0,0,0,0,0,0,2,0,0,0,0,0,0,4,2,0,false
C:\PROJECTS\Simple_Java_AdventureGame-master\Simple_Java_AdventureGame-master\src\view\ViewMap.java,view.ViewMap,getDrawY/1[int],false,55,0,1,1,0,1,0,4,1,1,1,0,0,0,0,0,0,0,0,1,1,1,0,0,0,0,5,1,0,false
C:\PROJECTS\Simple_Java_AdventureGame-master\Simple_Java_AdventureGame-master\src\view\ViewMap.java,view.ViewMap,int2icon/1[int],false,60,0,1,1,0,10,0,30,10,0,1,0,0,0,0,9,0,0,0,9,0,0,1,0,0,0,14,8,0,false
C:\PROJECTS\Simple_Java_AdventureGame-master\Simple_Java_AdventureGame-master\src\decorator\WeaponItem.java,decorator.WeaponItem,gettype/0,false,12,1,2,1,1,1,1,3,1,0,0,1,1,0,0,0,0,0,1,0,0,1,0,0,0,0,1,1,0,false
C:\PROJECTS\Simple_Java_AdventureGame-master\Simple_Java_AdventureGame-master\src\decorator\WeaponItem.java,decorator.WeaponItem,WeaponItem/1[decorator.Item],true,8,1,0,0,0,1,0,3,0,0,1,0,0,0,0,0,0,0,0,0,0,0,0,0,0,0,3,1,0,false
C:\PROJECTS\Simple_Java_AdventureGame-master\Simple_Java_AdventureGame-master\src\view\ThingModel.java,view.ThingModel,join/1[model.Thing],false,41,1,3,3,0,1,1,3,0,0,1,1,0,0,0,0,0,0,0,0,0,0,0,0,0,0,3,1,0,false
C:\PROJECTS\Simple_Java_AdventureGame-master\Simple_Java_AdventureGame-master\src\view\ThingModel.java,view.ThingModel,ThingModel/0,true,27,0,0,0,0,1,0,3,0,0,0,0,0,0,0,0,0,0,0,0,0,0,0,0,0,0,2,1,0,false
C:\PROJECTS\Simple_Java_AdventureGame-master\Simple_Java_AdventureGame-master\src\view\ThingModel.java,view.ThingModel,setThing/1[model.Thing],false,37,1,0,0,0,1,0,3,0,0,1,0,0,0,0,0,0,0,0,0,1,0,0,0,0,0,3,1,0,false
C:\PROJECTS\Simple_Java_AdventureGame-master\Simple_Java_AdventureGame-master\src\view\ThingModel.java,view.ThingModel,registerObserver/1[observer.ThingObserver],false,60,1,1,1,0,1,1,3,0,0,1,1,0,0,0,0,0,0,0,0,0,0,0,0,0,0,4,1,0,false
C:\PROJECTS\Simple_Java_AdventureGame-master\Simple_Java_AdventureGame-master\src\view\ThingModel.java,view.ThingModel,changeModel/1[view.ThingModel],false,70,1,4,0,4,2,5,7,0,1,1,5,4,1,1,0,0,0,0,1,1,0,1,0,0,0,7,1,0,false
C:\PROJECTS\Simple_Java_AdventureGame-master\Simple_Java_AdventureGame-master\src\view\ThingModel.java,view.ThingModel,size/0,false,55,0,1,1,0,1,1,3,1,0,0,1,0,0,0,0,0,0,0,0,0,0,0,0,0,0,1,1,0,false
C:\PROJECTS\Simple_Java_AdventureGame-master\Simple_Java_AdventureGame-master\src\view\ThingModel.java,view.ThingModel,dataUpdate/0,false,80,1,2,1,1,2,4,6,0,2,0,4,0,0,1,0,0,1,0,0,2,0,1,0,0,0,7,2,0,false
C:\PROJECTS\Simple_Java_AdventureGame-master\Simple_Java_AdventureGame-master\src\view\ThingModel.java,view.ThingModel,ThingModel/1[model.Thing[]],true,30,2,1,0,1,2,1,5,0,1,1,1,1,1,1,0,0,0,0,1,1,0,1,0,0,0,5,1,0,false
C:\PROJECTS\Simple_Java_AdventureGame-master\Simple_Java_AdventureGame-master\src\view\ThingModel.java,view.ThingModel,quit/1[model.Thing],false,45,1,0,0,0,1,1,3,0,0,1,1,0,0,0,0,0,0,0,0,0,0,0,0,0,0,3,1,0,false
C:\PROJECTS\Simple_Java_AdventureGame-master\Simple_Java_AdventureGame-master\src\view\ThingModel.java,view.ThingModel,getData/1[int],false,50,1,1,1,0,1,1,3,1,0,1,1,0,0,0,0,0,1,0,0,0,0,0,0,0,0,4,1,0,false
C:\PROJECTS\Simple_Java_AdventureGame-master\Simple_Java_AdventureGame-master\src\view\ViewThing.java,view.ViewThing,draw/1[java.awt.Graphics],false,28,4,9,1,8,2,9,9,0,0,1,9,0,0,1,0,0,0,0,2,3,2,1,0,0,0,8,1,0,false
C:\PROJECTS\Simple_Java_AdventureGame-master\Simple_Java_AdventureGame-master\src\view\ViewThing.java,view.ViewThing,dataUpdate/1[view.ThingModel],false,39,1,0,0,0,1,0,3,0,0,1,0,0,0,0,0,0,0,0,0,1,0,0,0,0,0,5,1,0,false
C:\PROJECTS\Simple_Java_AdventureGame-master\Simple_Java_AdventureGame-master\src\view\ViewThing.java,view.ViewThing,ViewThing/1[view.ThingModel],true,20,1,0,0,0,2,1,8,0,0,1,1,0,0,0,0,1,0,0,0,1,0,1,0,0,0,6,1,0,false
C:\PROJECTS\Simple_Java_AdventureGame-master\Simple_Java_AdventureGame-master\src\memento\MementoCaretaker.java,memento.MementoCaretaker,getMenmento/0,false,9,1,0,0,0,1,0,3,1,0,0,0,0,0,0,0,0,0,0,0,0,0,0,0,0,0,5,1,0,false
C:\PROJECTS\Simple_Java_AdventureGame-master\Simple_Java_AdventureGame-master\src\memento\MementoCaretaker.java,memento.MementoCaretaker,setMemento/1[memento.PlayerMemento],false,13,1,0,0,0,1,0,3,0,0,1,0,0,0,0,0,0,0,0,0,1,0,0,0,0,0,4,1,0,false
C:\PROJECTS\Simple_Java_AdventureGame-master\Simple_Java_AdventureGame-master\src\state\State.java,state.State,set/1[state.StateManager],false,9,1,1,1,0,1,0,1,0,0,1,0,0,0,0,0,0,0,0,0,0,0,0,0,0,0,4,1,0,false
C:\PROJECTS\Simple_Java_AdventureGame-master\Simple_Java_AdventureGame-master\src\model\Door.java,model.Door,"getPosition/2[int,int]",false,8,0,2,2,0,1,0,4,0,0,2,0,0,0,0,0,0,0,0,0,2,0,0,0,0,0,4,1,0,false
C:\PROJECTS\Simple_Java_AdventureGame-master\Simple_Java_AdventureGame-master\src\model\Door.java,model.Door,getRoom/0,false,22,1,2,2,0,1,0,3,1,0,0,0,0,0,0,0,0,0,0,0,0,0,0,0,0,0,3,1,0,false
C:\PROJECTS\Simple_Java_AdventureGame-master\Simple_Java_AdventureGame-master\src\model\Door.java,model.Door,setRoom/1[model.Room],false,18,1,2,2,0,1,0,3,0,0,1,0,0,0,0,0,0,0,0,0,1,0,0,0,0,0,3,1,0,false
C:\PROJECTS\Simple_Java_AdventureGame-master\Simple_Java_AdventureGame-master\src\model\Door.java,model.Door,"setPosition/2[int,int]",false,13,0,2,2,0,1,0,4,0,0,2,0,0,0,0,0,0,0,0,0,2,0,0,0,0,0,4,1,0,false
C:\PROJECTS\Simple_Java_AdventureGame-master\Simple_Java_AdventureGame-master\src\flyweight\Wall102.java,flyweight.Wall102,getImage/0,false,9,0,0,0,0,1,0,3,1,0,0,0,0,0,0,0,0,0,0,0,0,0,0,0,0,0,4,1,0,false
C:\PROJECTS\Simple_Java_AdventureGame-master\Simple_Java_AdventureGame-master\src\controller\AdventureGame.java,controller.AdventureGame$PaintThread,run/0,false,106,0,0,0,0,3,3,11,0,0,0,3,0,0,1,0,1,0,0,1,0,0,2,0,0,0,6,1,0,false
C:\PROJECTS\Simple_Java_AdventureGame-master\Simple_Java_AdventureGame-master\src\flyweight\Wall100.java,flyweight.Wall100,getImage/0,false,9,0,0,0,0,1,0,3,1,0,0,0,0,0,0,0,0,0,0,0,0,0,0,0,0,0,4,1,0,false
C:\PROJECTS\Simple_Java_AdventureGame-master\Simple_Java_AdventureGame-master\src\flyweight\Wall101.java,flyweight.Wall101,getImage/0,false,9,0,0,0,0,1,0,3,1,0,0,0,0,0,0,0,0,0,0,0,0,0,0,0,0,0,4,1,0,false
C:\PROJECTS\Simple_Java_AdventureGame-master\Simple_Java_AdventureGame-master\src\iterator\AbstractThingList.java,iterator.AbstractThingList,AbstractThingList/1[java.util.List],true,15,0,0,0,0,1,0,3,0,0,1,0,0,0,0,0,0,0,0,0,1,0,0,0,0,0,4,1,0,false
C:\PROJECTS\Simple_Java_AdventureGame-master\Simple_Java_AdventureGame-master\src\iterator\AbstractThingList.java,iterator.AbstractThingList,addObject/1[java.lang.Object],false,19,0,0,0,0,1,1,3,0,0,1,1,0,0,0,0,0,0,0,0,0,0,0,0,0,0,3,1,0,false
C:\PROJECTS\Simple_Java_AdventureGame-master\Simple_Java_AdventureGame-master\src\iterator\AbstractThingList.java,iterator.AbstractThingList,removeObject/1[java.lang.Object],false,23,0,0,0,0,1,1,3,0,0,1,1,0,0,0,0,0,0,0,0,0,0,0,0,0,0,3,1,0,false
C:\PROJECTS\Simple_Java_AdventureGame-master\Simple_Java_AdventureGame-master\src\iterator\AbstractThingList.java,iterator.AbstractThingList,getObjects/0,false,27,0,1,1,0,1,0,3,1,0,0,0,0,0,0,0,0,0,0,0,0,0,0,0,0,0,3,1,0,false
C:\PROJECTS\Simple_Java_AdventureGame-master\Simple_Java_AdventureGame-master\src\iterator\AbstractThingList.java,iterator.AbstractThingList,createIterator/0,false,32,1,1,1,0,1,0,1,0,0,0,0,0,0,0,0,0,0,0,0,0,0,0,0,0,0,3,1025,0,false
C:\PROJECTS\Simple_Java_AdventureGame-master\Simple_Java_AdventureGame-master\src\adapter\EquipItemAdapter.java,adapter.EquipItemAdapter,EquipItemAdapter/1[decorator.EquipItem],true,12,1,0,0,0,1,0,3,0,0,1,0,0,0,0,0,0,0,0,0,1,0,0,0,0,0,4,1,0,false
C:\PROJECTS\Simple_Java_AdventureGame-master\Simple_Java_AdventureGame-master\src\adapter\EquipItemAdapter.java,adapter.EquipItemAdapter,"setposition/2[int,int]",false,16,1,1,0,1,1,1,3,0,0,2,1,0,0,0,0,0,0,0,0,0,0,0,0,0,0,2,1,0,false
C:\PROJECTS\Simple_Java_AdventureGame-master\Simple_Java_AdventureGame-master\src\model\MapSite.java,model.MapSite,setMapdata/1[data.MapData],false,22,1,0,0,0,1,0,3,0,0,1,0,0,0,0,0,0,0,0,0,1,0,0,0,0,0,5,1,0,false
C:\PROJECTS\Simple_Java_AdventureGame-master\Simple_Java_AdventureGame-master\src\model\MapSite.java,model.MapSite,"enter/2[int,int]",false,12,0,0,0,0,1,0,4,0,0,2,0,0,0,0,0,0,0,0,0,2,0,0,0,0,0,3,1,0,false
C:\PROJECTS\Simple_Java_AdventureGame-master\Simple_Java_AdventureGame-master\src\model\MapSite.java,model.MapSite,"exit/2[int,int]",false,17,0,0,0,0,1,0,4,0,0,2,0,0,0,0,0,0,0,0,0,2,0,0,0,0,0,3,1,0,false
C:\PROJECTS\Simple_Java_AdventureGame-master\Simple_Java_AdventureGame-master\src\abstractFactory\DoorFactory.java,abstractFactory.DoorFactory,createdoor/0,false,7,1,1,1,0,1,0,1,0,0,0,0,0,0,0,0,0,0,0,0,0,0,0,0,0,0,2,1,0,false
C:\PROJECTS\Simple_Java_AdventureGame-master\Simple_Java_AdventureGame-master\src\decorator\BrokenItem.java,decorator.BrokenItem,BrokenItem/1[decorator.Item],true,8,1,0,0,0,1,0,3,0,0,1,0,0,0,0,0,0,0,0,0,0,0,0,0,0,0,3,1,0,false
C:\PROJECTS\Simple_Java_AdventureGame-master\Simple_Java_AdventureGame-master\src\decorator\BrokenItem.java,decorator.BrokenItem,getname/0,false,12,1,2,1,1,1,1,3,1,0,0,1,1,0,0,0,0,0,1,0,0,1,0,0,0,0,1,1,0,false
C:\PROJECTS\Simple_Java_AdventureGame-master\Simple_Java_AdventureGame-master\src\adapter\EquipItemInterface.java,adapter.EquipItemInterface,"setsite/2[int,int]",false,7,0,0,0,0,1,0,1,0,0,2,0,0,0,0,0,0,0,0,0,0,0,0,0,0,0,2,1,0,false
C:\PROJECTS\Simple_Java_AdventureGame-master\Simple_Java_AdventureGame-master\src\decorator\NormalItem.java,decorator.NormalItem,NormalItem/1[decorator.Item],true,8,1,0,0,0,1,0,3,0,0,1,0,0,0,0,0,0,0,0,0,0,0,0,0,0,0,3,1,0,false
C:\PROJECTS\Simple_Java_AdventureGame-master\Simple_Java_AdventureGame-master\src\decorator\NormalItem.java,decorator.NormalItem,getname/0,false,12,1,2,1,1,1,1,3,1,0,0,1,1,0,0,0,0,0,1,0,0,1,0,0,0,0,1,1,0,false
C:\PROJECTS\Simple_Java_AdventureGame-master\Simple_Java_AdventureGame-master\src\flyweight\WallFactory.java,flyweight.WallFactory,getWall/1[int],false,27,1,1,1,0,1,1,3,1,0,1,1,0,0,0,0,0,0,0,0,0,0,0,0,0,0,3,9,0,false
C:\PROJECTS\Simple_Java_AdventureGame-master\Simple_Java_AdventureGame-master\src\flyweight\WallFactory.java,flyweight.WallFactory,getInstance/0,false,23,1,1,1,0,1,0,3,1,0,0,0,0,0,0,0,0,0,0,0,0,0,0,0,0,0,5,9,0,false
C:\PROJECTS\Simple_Java_AdventureGame-master\Simple_Java_AdventureGame-master\src\flyweight\WallFactory.java,flyweight.WallFactory,WallFactory/0,true,12,4,3,0,3,1,1,10,0,3,0,1,0,0,0,0,0,0,0,3,4,0,0,0,0,0,10,2,0,false
C:\PROJECTS\Simple_Java_AdventureGame-master\Simple_Java_AdventureGame-master\src\model\Map.java,model.Map,Map/1[data.MapData[]],true,24,1,0,0,0,2,0,4,0,1,1,0,0,0,1,0,0,0,0,1,1,0,1,0,0,0,3,1,0,false
C:\PROJECTS\Simple_Java_AdventureGame-master\Simple_Java_AdventureGame-master\src\model\Map.java,model.Map,registerOberver/1[observer.MapObserver],false,54,1,1,1,0,1,1,3,0,0,1,1,0,0,0,0,0,0,0,0,0,0,0,0,0,0,5,1,0,false
C:\PROJECTS\Simple_Java_AdventureGame-master\Simple_Java_AdventureGame-master\src\model\Map.java,model.Map,Map/0,true,20,0,0,0,0,1,0,3,0,0,0,0,0,0,0,0,0,0,0,0,0,0,0,0,0,0,1,1,0,false
C:\PROJECTS\Simple_Java_AdventureGame-master\Simple_Java_AdventureGame-master\src\model\Map.java,model.Map,addData/1[java.lang.String],false,30,2,2,0,2,1,2,8,0,1,1,2,1,1,0,0,0,0,0,0,4,0,0,0,0,0,7,1,0,false
C:\PROJECTS\Simple_Java_AdventureGame-master\Simple_Java_AdventureGame-master\src\model\Map.java,model.Map,getData/1[int],false,46,1,2,2,0,1,1,3,1,0,1,1,0,0,0,0,0,1,0,0,0,0,0,0,0,0,4,1,0,false
C:\PROJECTS\Simple_Java_AdventureGame-master\Simple_Java_AdventureGame-master\src\model\Map.java,model.Map,mapDataUpdate/0,false,70,1,2,1,1,2,4,6,0,2,0,4,0,0,1,0,0,1,0,0,2,0,1,0,0,0,8,1,0,false
C:\PROJECTS\Simple_Java_AdventureGame-master\Simple_Java_AdventureGame-master\src\model\Map.java,model.Map,changeModel/1[model.Map],false,62,1,4,0,4,2,5,7,0,1,1,5,4,2,1,0,0,0,0,1,1,0,1,0,0,0,7,1,0,false
C:\PROJECTS\Simple_Java_AdventureGame-master\Simple_Java_AdventureGame-master\src\model\Map.java,model.Map,removeOberver/1[observer.MapObserver],false,58,1,0,0,0,1,1,3,0,0,1,1,0,0,0,0,0,0,0,0,0,0,0,0,0,0,5,1,0,false
C:\PROJECTS\Simple_Java_AdventureGame-master\Simple_Java_AdventureGame-master\src\model\Map.java,model.Map,addData/1[data.MapData],false,39,2,3,2,1,1,2,6,0,0,1,2,1,1,0,0,0,0,0,0,2,0,0,0,0,0,5,1,0,false
C:\PROJECTS\Simple_Java_AdventureGame-master\Simple_Java_AdventureGame-master\src\model\Map.java,model.Map,size/0,false,50,0,1,1,0,1,1,3,1,0,0,1,0,0,0,0,0,0,0,0,0,0,0,0,0,0,1,1,0,false
C:\PROJECTS\Simple_Java_AdventureGame-master\Simple_Java_AdventureGame-master\src\model\Map.java,model.Map,readfile/1[java.lang.String],false,77,1,2,2,0,4,4,23,0,6,1,4,0,0,2,0,1,0,0,2,12,0,3,0,0,0,17,1,0,false
C:\PROJECTS\Simple_Java_AdventureGame-master\Simple_Java_AdventureGame-master\src\decorator\Item.java,decorator.Item,getweight/0,false,15,0,1,1,0,1,0,1,0,0,0,0,0,0,0,0,0,0,0,0,0,0,0,0,0,0,1,1025,0,false
C:\PROJECTS\Simple_Java_AdventureGame-master\Simple_Java_AdventureGame-master\src\decorator\Item.java,decorator.Item,getid/0,false,13,0,1,1,0,1,0,1,0,0,0,0,0,0,0,0,0,0,0,0,0,0,0,0,0,0,1,1025,0,false
C:\PROJECTS\Simple_Java_AdventureGame-master\Simple_Java_AdventureGame-master\src\decorator\Item.java,decorator.Item,gettype/0,false,17,0,1,1,0,1,0,1,0,0,0,0,0,0,0,0,0,0,0,0,0,0,0,0,0,0,1,1025,0,false
C:\PROJECTS\Simple_Java_AdventureGame-master\Simple_Java_AdventureGame-master\src\decorator\Item.java,decorator.Item,getname/0,false,11,0,1,1,0,1,0,1,0,0,0,0,0,0,0,0,0,0,0,0,0,0,0,0,0,0,1,1025,0,false
C:\PROJECTS\Simple_Java_AdventureGame-master\Simple_Java_AdventureGame-master\src\observer\MapObserver.java,observer.MapObserver,mapDataUpdate/1[model.Map],false,6,1,1,1,0,1,0,1,0,0,1,0,0,0,0,0,0,0,0,0,0,0,0,0,0,0,4,1,0,false
C:\PROJECTS\Simple_Java_AdventureGame-master\Simple_Java_AdventureGame-master\src\decorator\FineItem.java,decorator.FineItem,getname/0,false,11,1,2,1,1,1,1,3,1,0,0,1,1,0,0,0,0,0,1,0,0,1,0,0,0,0,1,1,0,false
C:\PROJECTS\Simple_Java_AdventureGame-master\Simple_Java_AdventureGame-master\src\decorator\FineItem.java,decorator.FineItem,FineItem/1[decorator.Item],true,7,1,0,0,0,1,0,3,0,0,1,0,0,0,0,0,0,0,0,0,0,0,0,0,0,0,3,1,0,false
C:\PROJECTS\Simple_Java_AdventureGame-master\Simple_Java_AdventureGame-master\src\iterator\ThingList.java,iterator.ThingList,ThingList/1[java.util.List],true,10,0,1,1,0,1,0,3,0,0,1,0,0,0,0,0,0,0,0,0,0,0,0,0,0,0,3,1,0,false
C:\PROJECTS\Simple_Java_AdventureGame-master\Simple_Java_AdventureGame-master\src\iterator\ThingList.java,iterator.ThingList,createIterator/0,false,15,2,1,0,1,1,0,3,1,0,0,0,0,0,0,0,0,0,0,0,0,0,0,0,0,0,4,1,0,false
C:\PROJECTS\Simple_Java_AdventureGame-master\Simple_Java_AdventureGame-master\src\adapter\ThingInterface.java,adapter.ThingInterface,"setposition/2[int,int]",false,7,0,0,0,0,1,0,1,0,0,2,0,0,0,0,0,0,0,0,0,0,0,0,0,0,0,2,1,0,false
C:\PROJECTS\Simple_Java_AdventureGame-master\Simple_Java_AdventureGame-master\src\decorator\ConsumeItem.java,decorator.ConsumeItem,getweight/0,false,16,0,0,0,0,1,0,3,1,0,0,0,0,0,0,0,0,0,0,0,0,0,0,0,0,0,1,1,0,false
C:\PROJECTS\Simple_Java_AdventureGame-master\Simple_Java_AdventureGame-master\src\decorator\ConsumeItem.java,decorator.ConsumeItem,getname/0,false,8,0,0,0,0,1,0,3,1,0,0,0,0,0,0,0,0,0,0,0,0,0,0,0,0,0,1,1,0,false
C:\PROJECTS\Simple_Java_AdventureGame-master\Simple_Java_AdventureGame-master\src\decorator\ConsumeItem.java,decorator.ConsumeItem,setname/1[java.lang.String],false,24,0,0,0,0,1,0,3,0,0,1,0,0,0,0,0,0,0,0,0,1,0,0,0,0,0,2,1,0,false
C:\PROJECTS\Simple_Java_AdventureGame-master\Simple_Java_AdventureGame-master\src\decorator\ConsumeItem.java,decorator.ConsumeItem,setweight/1[int],false,32,0,0,0,0,1,0,3,0,0,1,0,0,0,0,0,0,0,0,0,1,0,0,0,0,0,2,1,0,false
C:\PROJECTS\Simple_Java_AdventureGame-master\Simple_Java_AdventureGame-master\src\decorator\ConsumeItem.java,decorator.ConsumeItem,settype/0,false,36,0,0,0,0,1,0,3,0,0,0,0,0,0,0,0,0,0,1,0,1,0,0,0,0,0,1,1,0,false
C:\PROJECTS\Simple_Java_AdventureGame-master\Simple_Java_AdventureGame-master\src\decorator\ConsumeItem.java,decorator.ConsumeItem,setid/1[int],false,28,0,0,0,0,1,0,3,0,0,1,0,0,0,0,0,0,0,0,0,1,0,0,0,0,0,2,1,0,false
C:\PROJECTS\Simple_Java_AdventureGame-master\Simple_Java_AdventureGame-master\src\decorator\ConsumeItem.java,decorator.ConsumeItem,sethp/1[int],false,40,0,0,0,0,1,0,3,0,0,1,0,0,0,0,0,0,0,0,0,1,0,0,0,0,0,2,1,0,false
C:\PROJECTS\Simple_Java_AdventureGame-master\Simple_Java_AdventureGame-master\src\decorator\ConsumeItem.java,decorator.ConsumeItem,getid/0,false,12,0,0,0,0,1,0,3,1,0,0,0,0,0,0,0,0,0,0,0,0,0,0,0,0,0,1,1,0,false
C:\PROJECTS\Simple_Java_AdventureGame-master\Simple_Java_AdventureGame-master\src\decorator\ConsumeItem.java,decorator.ConsumeItem,gettype/0,false,20,0,0,0,0,1,0,3,1,0,0,0,0,0,0,0,0,0,0,0,0,0,0,0,0,0,1,1,0,false
C:\PROJECTS\Simple_Java_AdventureGame-master\Simple_Java_AdventureGame-master\src\state\PoisonState.java,state.PoisonState,set/1[state.StateManager],false,9,1,0,0,0,1,0,4,0,0,1,0,0,0,0,0,0,0,1,1,2,0,0,0,0,0,4,1,0,false
C:\PROJECTS\Simple_Java_AdventureGame-master\Simple_Java_AdventureGame-master\src\model\Thing.java,model.Thing,setImg/1[javax.swing.ImageIcon],false,29,0,2,2,0,1,0,3,0,0,1,0,0,0,0,0,0,0,0,0,1,0,0,0,0,0,5,1,0,false
C:\PROJECTS\Simple_Java_AdventureGame-master\Simple_Java_AdventureGame-master\src\model\Thing.java,model.Thing,"getplayer/2[int,int]",false,76,1,3,0,3,5,3,7,2,0,2,3,3,1,0,0,0,0,0,4,0,4,1,0,0,0,8,1,0,false
C:\PROJECTS\Simple_Java_AdventureGame-master\Simple_Java_AdventureGame-master\src\model\Thing.java,model.Thing,clone/0,false,54,1,0,0,0,2,2,11,2,1,0,2,0,0,0,0,1,0,1,0,2,0,1,0,0,0,10,1,0,false
C:\PROJECTS\Simple_Java_AdventureGame-master\Simple_Java_AdventureGame-master\src\model\Thing.java,model.Thing,getY/0,false,50,0,2,2,0,1,0,3,1,0,0,0,0,0,0,0,0,0,0,0,0,0,0,0,0,0,2,1,0,false
C:\PROJECTS\Simple_Java_AdventureGame-master\Simple_Java_AdventureGame-master\src\model\Thing.java,model.Thing,setid/1[int],false,25,0,0,0,0,1,0,3,0,0,1,0,0,0,0,0,0,0,0,0,1,0,0,0,0,0,2,1,0,false
C:\PROJECTS\Simple_Java_AdventureGame-master\Simple_Java_AdventureGame-master\src\model\Thing.java,model.Thing,getX/0,false,46,0,2,2,0,1,0,3,1,0,0,0,0,0,0,0,0,0,0,0,0,0,0,0,0,0,2,1,0,false
C:\PROJECTS\Simple_Java_AdventureGame-master\Simple_Java_AdventureGame-master\src\model\Thing.java,model.Thing,"setposition/2[int,int]",false,33,0,1,1,0,1,0,4,0,0,2,0,0,0,0,0,0,0,0,0,2,0,0,0,0,0,3,1,0,false
C:\PROJECTS\Simple_Java_AdventureGame-master\Simple_Java_AdventureGame-master\src\model\Thing.java,model.Thing,getmapid/1[int],false,69,0,0,0,0,2,0,6,2,0,1,0,0,0,0,1,0,0,0,0,0,0,1,0,0,0,4,1,0,false
C:\PROJECTS\Simple_Java_AdventureGame-master\Simple_Java_AdventureGame-master\src\model\Thing.java,model.Thing,setname/1[java.lang.String],false,21,0,0,0,0,1,0,3,0,0,1,0,0,0,0,0,0,0,0,0,1,0,0,0,0,0,2,1,0,false
C:\PROJECTS\Simple_Java_AdventureGame-master\Simple_Java_AdventureGame-master\src\model\Thing.java,model.Thing,Thing/0,true,17,0,1,1,0,1,0,3,0,0,0,0,0,0,0,0,0,0,0,0,0,0,0,0,0,0,1,1,0,false
C:\PROJECTS\Simple_Java_AdventureGame-master\Simple_Java_AdventureGame-master\src\model\Thing.java,model.Thing,getname/0,false,65,0,0,0,0,1,0,3,1,0,0,0,0,0,0,0,0,0,0,0,0,0,0,0,0,0,1,1,0,false
C:\PROJECTS\Simple_Java_AdventureGame-master\Simple_Java_AdventureGame-master\src\model\Thing.java,model.Thing,getImage/0,false,42,0,1,1,0,1,0,3,1,0,0,0,0,0,0,0,0,0,0,0,0,0,0,0,0,0,3,1,0,false
C:\PROJECTS\Simple_Java_AdventureGame-master\Simple_Java_AdventureGame-master\src\model\Thing.java,model.Thing,setThing/1[data.ThingData],false,38,1,0,0,0,1,0,3,0,0,1,0,0,0,0,0,0,0,0,0,1,0,0,0,0,0,4,1,0,false
C:\PROJECTS\Simple_Java_AdventureGame-master\Simple_Java_AdventureGame-master\src\abstractFactory\NoLockDoorFactory.java,abstractFactory.NoLockDoorFactory,createdoor/0,false,4,2,1,0,1,1,0,3,1,0,0,0,0,0,0,0,0,0,0,0,0,0,0,0,0,0,5,1,0,false
C:\PROJECTS\Simple_Java_AdventureGame-master\Simple_Java_AdventureGame-master\src\memento\PlayerMemento.java,memento.PlayerMemento,getY/0,false,24,0,1,1,0,1,0,3,1,0,0,0,0,0,0,0,0,0,0,0,0,0,0,0,0,0,3,1,0,false
C:\PROJECTS\Simple_Java_AdventureGame-master\Simple_Java_AdventureGame-master\src\memento\PlayerMemento.java,memento.PlayerMemento,"PlayerMemento/3[data.PlayerData,int,int]",true,14,1,1,1,0,1,0,5,0,0,3,0,0,0,0,0,0,0,0,0,3,0,0,0,0,0,6,1,0,false
C:\PROJECTS\Simple_Java_AdventureGame-master\Simple_Java_AdventureGame-master\src\memento\PlayerMemento.java,memento.PlayerMemento,getX/0,false,20,0,1,1,0,1,0,3,1,0,0,0,0,0,0,0,0,0,0,0,0,0,0,0,0,0,3,1,0,false
C:\PROJECTS\Simple_Java_AdventureGame-master\Simple_Java_AdventureGame-master\src\memento\PlayerMemento.java,memento.PlayerMemento,getData/0,false,28,1,1,1,0,1,0,3,1,0,0,0,0,0,0,0,0,0,0,0,0,0,0,0,0,0,4,1,0,false
C:\PROJECTS\Simple_Java_AdventureGame-master\Simple_Java_AdventureGame-master\src\flyweight\Wall.java,flyweight.Wall,"draw/2[java.awt.Graphics,flyweight.Coordinates]",false,13,2,3,0,3,1,5,3,0,0,2,5,1,1,0,0,0,0,0,4,0,2,0,0,0,0,3,1,0,false
C:\PROJECTS\Simple_Java_AdventureGame-master\Simple_Java_AdventureGame-master\src\flyweight\Wall.java,flyweight.Wall,getImage/0,false,11,0,1,1,0,1,0,1,0,0,0,0,0,0,0,0,0,0,0,0,0,0,0,0,0,0,3,1025,0,false
C:\PROJECTS\Simple_Java_AdventureGame-master\Simple_Java_AdventureGame-master\src\abstractFactory\Fdoor.java,abstractFactory.Fdoor,checkkey/1[int],false,12,0,0,0,0,1,0,1,0,0,1,0,0,0,0,0,0,0,0,0,0,0,0,0,0,0,2,1,0,false
C:\PROJECTS\Simple_Java_AdventureGame-master\Simple_Java_AdventureGame-master\src\abstractFactory\Fdoor.java,abstractFactory.Fdoor,"getPosition/2[int,int]",false,10,0,0,0,0,1,0,1,0,0,2,0,0,0,0,0,0,0,0,0,0,0,0,0,0,0,3,1,0,false
C:\PROJECTS\Simple_Java_AdventureGame-master\Simple_Java_AdventureGame-master\src\abstractFactory\Fdoor.java,abstractFactory.Fdoor,setRoom/1[model.Room],false,13,1,0,0,0,1,0,1,0,0,1,0,0,0,0,0,0,0,0,0,0,0,0,0,0,0,3,1,0,false
C:\PROJECTS\Simple_Java_AdventureGame-master\Simple_Java_AdventureGame-master\src\abstractFactory\Fdoor.java,abstractFactory.Fdoor,setKey/1[int],false,11,0,0,0,0,1,0,1,0,0,1,0,0,0,0,0,0,0,0,0,0,0,0,0,0,0,3,1,0,false
C:\PROJECTS\Simple_Java_AdventureGame-master\Simple_Java_AdventureGame-master\src\abstractFactory\Fdoor.java,abstractFactory.Fdoor,"setPosition/2[int,int]",false,9,0,0,0,0,1,0,1,0,0,2,0,0,0,0,0,0,0,0,0,0,0,0,0,0,0,3,1,0,false
C:\PROJECTS\Simple_Java_AdventureGame-master\Simple_Java_AdventureGame-master\src\abstractFactory\Fdoor.java,abstractFactory.Fdoor,getroom/0,false,14,1,0,0,0,1,0,1,0,0,0,0,0,0,0,0,0,0,0,0,0,0,0,0,0,0,2,1,0,false
C:\PROJECTS\Simple_Java_AdventureGame-master\Simple_Java_AdventureGame-master\src\abstractFactory\LockDoorFactory.java,abstractFactory.LockDoorFactory,createdoor/0,false,4,2,1,0,1,1,0,3,1,0,0,0,0,0,0,0,0,0,0,0,0,0,0,0,0,0,4,1,0,false
C:\PROJECTS\Simple_Java_AdventureGame-master\Simple_Java_AdventureGame-master\src\decorator\ItemDecorator.java,decorator.ItemDecorator,gettype/0,false,26,1,1,0,1,1,1,3,1,0,0,1,0,0,0,0,0,0,0,0,0,0,0,0,0,0,1,1,0,false
C:\PROJECTS\Simple_Java_AdventureGame-master\Simple_Java_AdventureGame-master\src\decorator\ItemDecorator.java,decorator.ItemDecorator,getid/0,false,18,1,1,0,1,1,1,3,1,0,0,1,0,0,0,0,0,0,0,0,0,0,0,0,0,0,1,1,0,false
C:\PROJECTS\Simple_Java_AdventureGame-master\Simple_Java_AdventureGame-master\src\decorator\ItemDecorator.java,decorator.ItemDecorator,getweight/0,false,22,1,1,0,1,1,1,3,1,0,0,1,0,0,0,0,0,0,0,0,0,0,0,0,0,0,1,1,0,false
C:\PROJECTS\Simple_Java_AdventureGame-master\Simple_Java_AdventureGame-master\src\decorator\ItemDecorator.java,decorator.ItemDecorator,ItemDecorator/1[decorator.Item],true,10,1,0,0,0,1,0,3,0,0,1,0,0,0,0,0,0,0,0,0,1,0,0,0,0,0,3,1,0,false
C:\PROJECTS\Simple_Java_AdventureGame-master\Simple_Java_AdventureGame-master\src\decorator\ItemDecorator.java,decorator.ItemDecorator,getname/0,false,14,1,1,0,1,1,1,3,1,0,0,1,0,0,0,0,0,0,0,0,0,0,0,0,0,0,1,1,0,false
C:\PROJECTS\Simple_Java_AdventureGame-master\Simple_Java_AdventureGame-master\src\model\DoorWithLock.java,model.DoorWithLock,checkkey/1[int],false,10,0,1,1,0,2,0,6,2,0,1,0,0,0,0,1,0,0,0,0,0,0,1,0,0,0,4,1,0,false
C:\PROJECTS\Simple_Java_AdventureGame-master\Simple_Java_AdventureGame-master\src\model\DoorWithLock.java,model.DoorWithLock,setKey/1[int],false,6,0,1,1,0,1,0,3,0,0,1,0,0,0,0,0,0,0,0,0,1,0,0,0,0,0,3,1,0,false
