file,class,method,variable,usage
C:\PROJECTS\Virtual-Coffee-Shop-master\Virtual-Coffee-Shop-master\GUIusingJavaFXinIntellij\src\sample\Milk.java,sample.Milk,Milk/1[sample.Coffee],coffee,2
C:\PROJECTS\Virtual-Coffee-Shop-master\Virtual-Coffee-Shop-master\FinalBillIterator.java,FinalBillIterator,remove/0,e,0
C:\PROJECTS\Virtual-Coffee-Shop-master\Virtual-Coffee-Shop-master\GUIusingJavaFXinIntellij\src\sample\Main.java,sample.Main,main/1[java.lang.String[]],args,1
C:\PROJECTS\Virtual-Coffee-Shop-master\Virtual-Coffee-Shop-master\GUIusingJavaFXinIntellij\src\sample\Main.java,sample.Main,start/1[sample.Stage],primaryStage,4
C:\PROJECTS\Virtual-Coffee-Shop-master\Virtual-Coffee-Shop-master\GUIusingJavaFXinIntellij\src\sample\Main.java,sample.Main,start/1[sample.Stage],root,1
C:\PROJECTS\Virtual-Coffee-Shop-master\Virtual-Coffee-Shop-master\GUIusingJavaFXinIntellij\src\sample\Caramel.java,sample.Caramel,Caramel/1[sample.Coffee],coffee,2
C:\PROJECTS\Virtual-Coffee-Shop-master\Virtual-Coffee-Shop-master\FinalOrder.java,FinalOrder,main/1[java.lang.String[]],args,0
C:\PROJECTS\Virtual-Coffee-Shop-master\Virtual-Coffee-Shop-master\FinalOrder.java,FinalOrder,main/1[java.lang.String[]],iterator,4
C:\PROJECTS\Virtual-Coffee-Shop-master\Virtual-Coffee-Shop-master\FinalOrder.java,FinalOrder,main/1[java.lang.String[]],coffeeIt,2
C:\PROJECTS\Virtual-Coffee-Shop-master\Virtual-Coffee-Shop-master\FinalOrder.java,FinalOrder,main/1[java.lang.String[]],coffee1,9
C:\PROJECTS\Virtual-Coffee-Shop-master\Virtual-Coffee-Shop-master\FinalOrder.java,FinalOrder,main/1[java.lang.String[]],coffee2,11
C:\PROJECTS\Virtual-Coffee-Shop-master\Virtual-Coffee-Shop-master\FinalOrder.java,FinalOrder,main/1[java.lang.String[]],coffee,3
C:\PROJECTS\Virtual-Coffee-Shop-master\Virtual-Coffee-Shop-master\FinalOrder.java,FinalOrder,main/1[java.lang.String[]],it,6
C:\PROJECTS\Virtual-Coffee-Shop-master\Virtual-Coffee-Shop-master\FinalOrder.java,FinalOrder,addToList/1[Coffee],coffee,1
C:\PROJECTS\Virtual-Coffee-Shop-master\Virtual-Coffee-Shop-master\Cream.java,Cream,Cream/1[Coffee],coffee,2
C:\PROJECTS\Virtual-Coffee-Shop-master\Virtual-Coffee-Shop-master\GUIusingJavaFXinIntellij\src\FinalOrder.java,sample.FinalOrder,addToList/1[sample.Coffee],coffee,1
C:\PROJECTS\Virtual-Coffee-Shop-master\Virtual-Coffee-Shop-master\GUIusingJavaFXinIntellij\src\sample\Controller.java,sample.Controller,"initialize/2[java.net.URL,java.util.ResourceBundle]",dummy,2
C:\PROJECTS\Virtual-Coffee-Shop-master\Virtual-Coffee-Shop-master\GUIusingJavaFXinIntellij\src\sample\Controller.java,sample.Controller,"initialize/2[java.net.URL,java.util.ResourceBundle]",resources,0
C:\PROJECTS\Virtual-Coffee-Shop-master\Virtual-Coffee-Shop-master\GUIusingJavaFXinIntellij\src\sample\Controller.java,sample.Controller,"initialize/2[java.net.URL,java.util.ResourceBundle]",location,0
C:\PROJECTS\Virtual-Coffee-Shop-master\Virtual-Coffee-Shop-master\GUIusingJavaFXinIntellij\src\sample\Controller.java,sample.Controller,"initialize/2[java.net.URL,java.util.ResourceBundle]",event,6
C:\PROJECTS\Virtual-Coffee-Shop-master\Virtual-Coffee-Shop-master\GUIusingJavaFXinIntellij\src\sample\Controller.java,sample.Controller,"initialize/2[java.net.URL,java.util.ResourceBundle]",sample,2
C:\PROJECTS\Virtual-Coffee-Shop-master\Virtual-Coffee-Shop-master\Caramel.java,Caramel,Caramel/1[Coffee],coffee,2
C:\PROJECTS\Virtual-Coffee-Shop-master\Virtual-Coffee-Shop-master\GUIusingJavaFXinIntellij\src\sample\Cream.java,sample.Cream,Cream/1[sample.Coffee],coffee,2
C:\PROJECTS\Virtual-Coffee-Shop-master\Virtual-Coffee-Shop-master\GUIusingJavaFXinIntellij\src\sample\FinalBillIterator.java,sample.FinalBillIterator,remove/0,e,0
C:\PROJECTS\Virtual-Coffee-Shop-master\Virtual-Coffee-Shop-master\Milk.java,Milk,Milk/1[Coffee],coffee,2
